timestamp,open,high,low,close,ce_up,ce_down
2018-01-02,0.906,0.919,0.905,0.916,0.016592920353982316,0.0
2018-01-03,0.917,0.935,0.915,0.93,0.020742358078602637,0.00109170305676856
2018-01-04,0.93,0.932,0.925,0.928,0.002150537634408604,0.00537634408602151
2018-01-05,0.927,0.94,0.925,0.932,0.012931034482758511,0.0032327586206896577
2018-01-08,0.932,0.964,0.93,0.95,0.034334763948497764,0.0021459227467811176
2018-01-09,0.95,0.958,0.94,0.944,0.008421052631578956,0.010526315789473694
2018-01-10,0.945,0.952,0.934,0.94,0.00847457627118645,0.010593220338982943
2018-01-11,0.94,0.941,0.932,0.937,0.0010638297872340437,0.00851063829787223
2018-01-12,0.939,0.946,0.933,0.935,0.009605122732123689,0.00426894343649947
2018-01-15,0.936,0.937,0.919,0.92,0.002139037433155082,0.017112299465240656
2018-01-16,0.92,0.942,0.917,0.941,0.02391304347826077,0.003260869565217394
2018-01-17,0.944,0.996,0.944,0.973,0.058448459086078694,0.0
2018-01-18,0.976,0.988,0.967,0.98,0.015416238437821186,0.006166495375128474
2018-01-19,0.977,1.02,0.977,1.002,0.04081632653061228,0.0030612244897959212
2018-01-22,1.002,1.01,0.99,1.0,0.00798403193612775,0.011976047904191628
2018-01-23,1.0,1.014,0.994,1.005,0.014000000000000012,0.006000000000000005
2018-01-24,1.006,1.047,0.998,1.043,0.041791044776119446,0.00696517412935313
2018-01-25,1.04,1.042,1.02,1.022,0.0,0.022051773729625992
2018-01-26,1.016,1.031,1.016,1.021,0.008806262230919664,0.005870841487279848
2018-01-29,1.023,1.029,1.001,1.005,0.007835455435847216,0.01958863858961804
2018-01-30,1.0,1.009,0.989,0.989,0.003980099502487566,0.015920398009950154
2018-01-31,0.982,0.988,0.962,0.97,0.0,0.027300303336703767
2018-02-01,0.973,0.976,0.952,0.958,0.006185567010309284,0.018556701030927852
2018-02-02,0.955,0.96,0.94,0.957,0.0020876826722338224,0.0187891440501044
2018-02-05,0.95,0.966,0.94,0.962,0.009404388714733551,0.017763845350052262
2018-02-06,0.942,0.95,0.918,0.919,0.0,0.045738045738045664
2018-02-07,0.931,0.94,0.905,0.905,0.022850924918389453,0.015233949945593048
2018-02-08,0.905,0.915,0.896,0.901,0.011049723756906087,0.009944751381215478
2018-02-09,0.889,0.889,0.822,0.837,0.0,0.08768035516093237
2018-02-12,0.839,0.844,0.831,0.833,0.008363201911589017,0.007168458781362014
2018-02-13,0.84,0.855,0.84,0.841,0.0264105642256903,0.0
2018-02-14,0.843,0.844,0.832,0.839,0.0035671819262782433,0.010701545778834731
2018-02-22,0.847,0.854,0.843,0.849,0.017878426698450554,0.0
2018-02-23,0.852,0.859,0.846,0.852,0.011778563015312143,0.003533568904593643
2018-02-26,0.859,0.879,0.851,0.875,0.03169014084507045,0.0011737089201877945
2018-02-27,0.874,0.875,0.861,0.865,0.0,0.016000000000000014
2018-02-28,0.857,0.871,0.847,0.859,0.006936416184971104,0.020809248554913312
2018-03-01,0.851,0.863,0.851,0.862,0.004656577415599539,0.009313154831199077
2018-03-02,0.856,0.862,0.853,0.854,0.0,0.010440835266821356
2018-03-05,0.855,0.859,0.849,0.852,0.0058548009367681555,0.0058548009367681555
2018-03-06,0.857,0.873,0.855,0.869,0.024647887323943685,0.0
2018-03-07,0.871,0.875,0.859,0.861,0.0069044879171461515,0.011507479861910253
2018-03-08,0.862,0.867,0.86,0.864,0.0069686411149825845,0.0011614401858304308
2018-03-09,0.865,0.881,0.863,0.877,0.019675925925925944,0.0011574074074074084
2018-03-12,0.882,0.897,0.882,0.891,0.02280501710376285,0.0
2018-03-13,0.892,0.892,0.876,0.877,0.00112233445566779,0.01683501683501685
2018-03-14,0.874,0.88,0.869,0.87,0.0034207525655644273,0.009122006841505138
2018-03-15,0.87,0.871,0.862,0.867,0.001149425287356323,0.009195402298850583
2018-03-16,0.867,0.872,0.856,0.857,0.005767012687427918,0.012687427912341419
2018-03-19,0.857,0.863,0.852,0.858,0.00700116686114353,0.005834305717619608
2018-03-20,0.853,0.86,0.849,0.857,0.002331002331002333,0.010489510489510499
2018-03-21,0.857,0.879,0.857,0.86,0.025670945157526277,0.0
2018-03-22,0.862,0.871,0.856,0.858,0.012790697674418617,0.004651162790697679
2018-03-23,0.84,0.84,0.798,0.814,0.0,0.06993006993006987
2018-03-26,0.803,0.819,0.797,0.818,0.006142506142506148,0.02088452088452077
2018-03-27,0.825,0.833,0.823,0.828,0.018337408312958454,0.0
2018-03-28,0.819,0.831,0.818,0.82,0.003623188405797105,0.01207729468599035
2018-03-29,0.826,0.84,0.819,0.837,0.024390243902439046,0.0012195121951219523
2018-03-30,0.839,0.846,0.837,0.843,0.01075268817204302,0.0
2018-04-02,0.844,0.868,0.841,0.853,0.029655990510083063,0.0023724792408066453
2018-04-03,0.843,0.859,0.84,0.853,0.007033997655334121,0.015240328253223929
2018-04-04,0.855,0.863,0.844,0.845,0.011723329425556869,0.010550996483001182
2018-04-09,0.844,0.851,0.836,0.849,0.007100591715976338,0.010650887573964507
2018-04-10,0.85,0.867,0.85,0.863,0.021201413427561856,0.0
2018-04-11,0.862,0.865,0.856,0.859,0.0023174971031286232,0.008111239860950182
2018-04-12,0.858,0.866,0.85,0.852,0.008149010477299193,0.010477299185098961
2018-04-13,0.857,0.858,0.842,0.843,0.007042253521126767,0.011737089201877946
2018-04-16,0.838,0.843,0.823,0.824,0.0,0.02372479240806645
2018-04-17,0.826,0.842,0.824,0.825,0.02184466019417478,0.0
2018-04-18,0.835,0.838,0.826,0.837,0.015757575757575772,0.0
2018-04-19,0.839,0.847,0.835,0.841,0.011947431302270023,0.0023894862604540044
2018-04-20,0.839,0.84,0.813,0.814,0.0,0.03329369797859694
2018-04-23,0.815,0.824,0.814,0.82,0.012285012285012296,0.0
2018-04-24,0.82,0.843,0.82,0.841,0.028048780487804903,0.0
2018-04-25,0.836,0.841,0.834,0.838,0.0,0.008323424494649234
2018-04-26,0.838,0.842,0.819,0.82,0.004773269689737475,0.022673031026253003
2018-04-27,0.825,0.838,0.822,0.832,0.02195121951219514,0.0
2018-05-02,0.845,0.846,0.832,0.835,0.016826923076923093,0.0
2018-05-03,0.836,0.858,0.834,0.855,0.027544910179640746,0.0011976047904191627
2018-05-04,0.852,0.855,0.848,0.849,0.0,0.008187134502923984
2018-05-07,0.857,0.859,0.853,0.858,0.011778563015312143,0.0
2018-05-08,0.858,0.864,0.853,0.862,0.006993006993006999,0.005827505827505833
2018-05-09,0.86,0.861,0.851,0.853,0.0,0.012761020881670545
2018-05-10,0.855,0.859,0.85,0.858,0.007033997655334121,0.0035169988276670607
2018-05-11,0.858,0.86,0.847,0.848,0.002331002331002333,0.012820512820512832
2018-05-14,0.849,0.856,0.849,0.852,0.009433962264150952,0.0
2018-05-15,0.852,0.853,0.841,0.849,0.0011737089201877945,0.012910798122065739
2018-05-16,0.846,0.847,0.838,0.839,0.0,0.012956419316843357
2018-05-17,0.839,0.841,0.831,0.832,0.0023837902264600736,0.009535160905840294
2018-05-18,0.832,0.843,0.83,0.842,0.013221153846153858,0.002403846153846156
2018-05-21,0.847,0.853,0.845,0.848,0.01306413301662709,0.0
2018-05-22,0.847,0.847,0.837,0.843,0.0,0.01297169811320756
2018-05-23,0.84,0.841,0.833,0.834,0.0,0.011862396204033225
2018-05-24,0.834,0.836,0.825,0.826,0.0023980815347721847,0.01079136690647483
2018-05-25,0.829,0.83,0.818,0.819,0.004842615012106542,0.009685230024213084
2018-05-28,0.817,0.823,0.814,0.816,0.004884004884004888,0.006105006105006111
2018-05-29,0.817,0.819,0.804,0.806,0.0036764705882352975,0.014705882352941055
2018-05-30,0.8,0.8,0.774,0.776,0.0,0.03970223325062038
2018-05-31,0.782,0.788,0.777,0.786,0.015463917525773209,0.0
2018-06-01,0.784,0.8,0.779,0.79,0.01781170483460561,0.008905852417302806
2018-06-04,0.792,0.795,0.785,0.785,0.006329113924050638,0.006329113924050638
2018-06-05,0.787,0.791,0.781,0.791,0.007643312101910834,0.005095541401273889
2018-06-06,0.791,0.794,0.783,0.789,0.003792667509481672,0.010113780025284458
2018-06-07,0.792,0.806,0.79,0.796,0.021546261089987345,0.0
2018-06-08,0.796,0.797,0.772,0.777,0.001256281407035177,0.030150753768844248
2018-06-11,0.775,0.784,0.772,0.779,0.009009009009009016,0.006435006435006441
2018-06-12,0.78,0.783,0.773,0.782,0.005134788189987167,0.007702182284980751
2018-06-13,0.782,0.782,0.769,0.77,0.0,0.016624040920716128
2018-06-14,0.769,0.779,0.767,0.773,0.0116883116883117,0.0038961038961038996
2018-06-15,0.778,0.778,0.764,0.766,0.006468305304010355,0.011642949547218638
2018-06-19,0.76,0.76,0.701,0.715,0.0,0.08485639686684081
2018-06-20,0.711,0.717,0.698,0.71,0.0027972027972028,0.0237762237762238
2018-06-21,0.711,0.713,0.686,0.689,0.00422535211267606,0.03380281690140833
2018-06-22,0.683,0.698,0.68,0.697,0.013062409288824395,0.013062409288824234
2018-06-25,0.702,0.705,0.689,0.692,0.011477761836441905,0.011477761836441905
2018-06-26,0.685,0.698,0.68,0.695,0.00867052023121388,0.0173410404624276
2018-06-27,0.695,0.697,0.687,0.691,0.0028776978417266214,0.011510791366906326
2018-06-28,0.691,0.714,0.69,0.697,0.03328509406657022,0.0014471780028943574
2018-06-29,0.697,0.717,0.696,0.715,0.028694404591104762,0.001434720229555238
2018-07-02,0.714,0.714,0.69,0.697,0.0,0.034965034965034995
2018-07-03,0.7,0.706,0.692,0.706,0.012912482065997143,0.0071736011477761905
2018-07-04,0.705,0.706,0.694,0.696,0.0,0.016997167138810214
2018-07-05,0.698,0.705,0.688,0.689,0.012931034482758633,0.011494252873563229
2018-07-06,0.692,0.705,0.677,0.694,0.023222060957910035,0.017416545718432368
2018-07-09,0.694,0.707,0.693,0.706,0.018731988472622495,0.0014409221902017305
2018-07-10,0.707,0.709,0.701,0.706,0.0042492917847025535,0.007082152974504256
2018-07-11,0.697,0.697,0.679,0.684,0.0,0.03824362606232282
2018-07-12,0.685,0.709,0.684,0.706,0.03654970760233905,0.0
2018-07-13,0.706,0.707,0.701,0.704,0.0014164305949008512,0.007082152974504256
2018-07-16,0.707,0.707,0.698,0.702,0.00426136363636364,0.00852272727272728
2018-07-17,0.702,0.702,0.692,0.696,0.0,0.01424501424501426
2018-07-18,0.697,0.702,0.691,0.691,0.008620689655172422,0.007183908045977018
2018-07-19,0.691,0.697,0.685,0.688,0.008683068017366144,0.008683068017365984
2018-07-20,0.69,0.712,0.685,0.709,0.03488372093023259,0.004360465116278913
2018-07-23,0.706,0.721,0.703,0.72,0.016925246826516235,0.008462623413258118
2018-07-24,0.718,0.741,0.717,0.733,0.029166666666666695,0.004166666666666671
2018-07-25,0.735,0.735,0.724,0.727,0.0027285129604365647,0.01227830832196454
2018-07-26,0.728,0.732,0.721,0.722,0.006877579092159566,0.00825309491059148
2018-07-27,0.721,0.723,0.716,0.718,0.0013850415512465387,0.008310249307479232
2018-07-30,0.718,0.723,0.71,0.714,0.006963788300835661,0.011142061281337058
2018-07-31,0.714,0.719,0.71,0.716,0.007002801120448186,0.005602240896358549
2018-08-01,0.717,0.722,0.7,0.7,0.008379888268156433,0.02234636871508382
2018-08-02,0.697,0.699,0.672,0.681,0.0,0.03999999999999988
2018-08-03,0.679,0.684,0.674,0.675,0.004405286343612339,0.01027900146842879
2018-08-06,0.677,0.683,0.664,0.667,0.011851851851851862,0.01629629629629631
2018-08-07,0.668,0.687,0.666,0.686,0.029985007496251898,0.001499250374812595
2018-08-08,0.686,0.686,0.675,0.676,0.0,0.01603498542274054
2018-08-09,0.676,0.691,0.673,0.688,0.02218934911242589,0.004437869822485211
2018-08-10,0.688,0.69,0.683,0.688,0.0029069767441860495,0.007267441860464962
2018-08-13,0.681,0.687,0.675,0.685,0.0,0.01889534883720916
2018-08-14,0.685,0.686,0.68,0.682,0.0014598540145985414,0.0072992700729927066
2018-08-15,0.683,0.684,0.67,0.671,0.0029325513196480964,0.01759530791788858
2018-08-16,0.668,0.687,0.661,0.676,0.02384500745156485,0.01490312965722803
2018-08-17,0.679,0.684,0.669,0.671,0.011834319526627229,0.010355029585798824
2018-08-20,0.674,0.681,0.669,0.68,0.01490312965722803,0.002980625931445606
2018-08-21,0.68,0.689,0.68,0.685,0.013235294117646906,0.0
2018-08-22,0.682,0.685,0.68,0.681,0.0,0.0072992700729927066
2018-08-23,0.682,0.691,0.678,0.687,0.014684287812040965,0.004405286343612339
2018-08-24,0.686,0.695,0.681,0.689,0.011644832605531143,0.008733624454148478
2018-08-27,0.69,0.7,0.689,0.699,0.01596516690856315,0.0
2018-08-28,0.699,0.701,0.694,0.696,0.0028612303290414904,0.0071530758226037265
2018-08-29,0.695,0.695,0.689,0.69,0.0,0.010057471264367826
2018-08-30,0.69,0.692,0.681,0.682,0.002898550724637684,0.013043478260869417
2018-08-31,0.683,0.688,0.68,0.682,0.008797653958944126,0.0029325513196480964
2018-09-03,0.681,0.684,0.677,0.681,0.0029325513196480964,0.00733137829912024
2018-09-04,0.681,0.69,0.679,0.689,0.013215859030836852,0.0029368575624082256
2018-09-05,0.686,0.688,0.677,0.677,0.0,0.017416545718432368
2018-09-06,0.677,0.681,0.673,0.676,0.005908419497784347,0.005908419497784347
2018-09-07,0.676,0.684,0.671,0.677,0.011834319526627229,0.0073964497041420175
2018-09-10,0.676,0.676,0.656,0.656,0.0,0.031019202363367825
2018-09-11,0.659,0.663,0.655,0.659,0.010670731707317083,0.0015243902439024404
2018-09-12,0.661,0.668,0.658,0.662,0.013657056145675276,0.0015174506828528086
2018-09-13,0.668,0.672,0.665,0.671,0.015105740181268895,0.0
2018-09-14,0.671,0.674,0.667,0.668,0.004470938897168409,0.005961251862891212
2018-09-17,0.667,0.669,0.661,0.666,0.0014970059880239533,0.010479041916167673
2018-09-18,0.666,0.678,0.663,0.677,0.018018018018018032,0.004504504504504508
2018-09-19,0.674,0.687,0.674,0.682,0.014771048744460868,0.004431314623338261
2018-09-20,0.681,0.685,0.679,0.68,0.004398826979472145,0.004398826979472145
2018-09-21,0.681,0.696,0.677,0.696,0.02352941176470574,0.004411764705882356
2018-09-25,0.689,0.692,0.686,0.688,0.0,0.014367816091953877
2018-09-26,0.689,0.7,0.687,0.692,0.017441860465116296,0.0014534883720928632
2018-09-27,0.69,0.692,0.686,0.688,0.0,0.008670520231213721
2018-09-28,0.688,0.696,0.688,0.695,0.011627906976744198,0.0
2018-10-08,0.683,0.689,0.668,0.67,0.0,0.03884892086330923
2018-10-09,0.67,0.673,0.665,0.667,0.004477611940298511,0.007462686567164185
2018-10-10,0.668,0.672,0.665,0.668,0.0074962518740629746,0.00299850074962519
2018-10-11,0.656,0.656,0.615,0.619,0.0,0.07934131736526953
2018-10-12,0.618,0.62,0.6,0.611,0.0016155088852988705,0.03069466882067854
2018-10-15,0.614,0.615,0.601,0.603,0.006546644844517191,0.016366612111292977
2018-10-16,0.603,0.612,0.592,0.596,0.014925373134328372,0.018242122719734678
2018-10-17,0.603,0.607,0.593,0.603,0.018456375838926193,0.005033557046979871
2018-10-18,0.601,0.604,0.592,0.592,0.0016583747927031525,0.018242122719734678
2018-10-19,0.588,0.614,0.584,0.61,0.0371621621621622,0.013513513513513526
2018-10-22,0.62,0.671,0.615,0.671,0.10000000000000009,0.0
2018-10-23,0.701,0.715,0.666,0.679,0.06557377049180317,0.007451564828614015
2018-10-24,0.665,0.708,0.661,0.688,0.04270986745213536,0.0265095729013255
2018-10-25,0.664,0.719,0.664,0.718,0.045058139534883766,0.03488372093023243
2018-10-26,0.718,0.719,0.69,0.692,0.0013927576601671322,0.0389972144846797
2018-10-29,0.695,0.705,0.68,0.688,0.018786127167630076,0.0173410404624276
2018-10-30,0.689,0.742,0.681,0.725,0.07848837209302333,0.01017441860465101
2018-10-31,0.719,0.727,0.705,0.715,0.002758620689655175,0.027586206896551748
2018-11-01,0.721,0.764,0.721,0.723,0.06853146853146859,0.0
2018-11-02,0.75,0.755,0.729,0.741,0.04426002766251733,0.0
2018-11-05,0.742,0.745,0.727,0.742,0.005398110661268561,0.018893387314439965
2018-11-06,0.739,0.751,0.728,0.737,0.012129380053908366,0.018867924528301903
2018-11-07,0.73,0.736,0.721,0.722,0.0,0.021709633649932177
2018-11-08,0.729,0.731,0.709,0.71,0.012465373961218848,0.018005540166205
2018-11-09,0.707,0.721,0.704,0.711,0.015492957746478887,0.00845070422535212
2018-11-12,0.71,0.725,0.709,0.725,0.019690576652601988,0.002812939521800284
2018-11-13,0.719,0.756,0.713,0.742,0.04275862068965521,0.01655172413793105
2018-11-14,0.74,0.748,0.728,0.73,0.008086253369272245,0.018867924528301903
2018-11-15,0.731,0.755,0.728,0.75,0.034246575342465786,0.002739726027397263
2018-11-16,0.753,0.79,0.749,0.771,0.05333333333333338,0.0013333333333333346
2018-11-19,0.765,0.803,0.765,0.795,0.0415045395590143,0.007782101167315182
2018-11-20,0.787,0.796,0.758,0.76,0.0012578616352201268,0.04654088050314469
2018-11-21,0.749,0.767,0.745,0.761,0.009210526315789481,0.019736842105263174
2018-11-22,0.763,0.764,0.741,0.752,0.003942181340341659,0.02628120893561106
2018-11-23,0.752,0.76,0.724,0.729,0.010638297872340436,0.03723404255319152
2018-11-26,0.725,0.737,0.719,0.724,0.010973936899862835,0.013717421124828546
2018-11-27,0.73,0.736,0.72,0.728,0.016574585635359133,0.005524861878453044
2018-11-28,0.725,0.749,0.723,0.748,0.028846153846153872,0.006868131868131874
2018-11-29,0.752,0.758,0.721,0.723,0.013368983957219263,0.03609625668449201
2018-11-30,0.719,0.736,0.713,0.734,0.017980636237897665,0.013831258644536666
2018-12-03,0.777,0.777,0.752,0.756,0.058583106267030026,0.0
2018-12-04,0.752,0.763,0.751,0.762,0.009259259259259267,0.0066137566137566195
2018-12-05,0.75,0.759,0.748,0.752,0.0,0.018372703412073508
2018-12-06,0.745,0.75,0.731,0.733,0.0,0.027925531914893643
2018-12-07,0.738,0.742,0.733,0.736,0.01227830832196454,0.0
2018-12-10,0.729,0.732,0.719,0.726,0.0,0.02309782608695654
2018-12-11,0.73,0.731,0.723,0.728,0.006887052341597802,0.004132231404958681
2018-12-12,0.733,0.741,0.728,0.731,0.017857142857142873,0.0
2018-12-13,0.732,0.745,0.724,0.738,0.019151846785225735,0.009575923392612868
2018-12-14,0.736,0.737,0.716,0.716,0.0,0.029810298102981057
2018-12-17,0.714,0.724,0.711,0.721,0.01117318435754191,0.006983240223463694
2018-12-18,0.718,0.723,0.705,0.708,0.002773925104022194,0.022191400832177553
2018-12-19,0.711,0.712,0.702,0.703,0.005649717514124299,0.00847457627118645
2018-12-20,0.701,0.714,0.696,0.709,0.015647226173541976,0.009957325746799441
2018-12-21,0.705,0.707,0.69,0.695,0.0,0.026798307475317373
2018-12-24,0.693,0.699,0.687,0.691,0.005755395683453243,0.011510791366906326
2018-12-25,0.681,0.687,0.663,0.675,0.0,0.04052098408104185
2018-12-26,0.674,0.679,0.667,0.671,0.005925925925925931,0.011851851851851862
2018-12-27,0.68,0.684,0.669,0.671,0.01937406855439644,0.002980625931445606
2018-12-28,0.674,0.691,0.672,0.684,0.029806259314455893,0.0
2019-01-02,0.684,0.685,0.675,0.681,0.0014619883040935685,0.013157894736842117
2019-01-03,0.682,0.712,0.68,0.696,0.045521292217327335,0.0014684287812041128
2019-01-04,0.689,0.763,0.689,0.747,0.09626436781609204,0.010057471264367826
2019-01-07,0.749,0.753,0.737,0.745,0.008032128514056233,0.013386880856760387
2019-01-08,0.742,0.757,0.736,0.745,0.016107382550335586,0.012080536912751688
2019-01-09,0.745,0.761,0.744,0.748,0.021476510067114114,0.001342281879194632
2019-01-10,0.75,0.752,0.736,0.736,0.005347593582887705,0.016042780748663117
2019-01-11,0.737,0.75,0.736,0.744,0.0190217391304348,0.0
2019-01-14,0.75,0.752,0.738,0.741,0.01075268817204302,0.008064516129032265
2019-01-15,0.74,0.764,0.738,0.76,0.031039136302294226,0.0040485829959514205
2019-01-16,0.76,0.76,0.749,0.753,0.0,0.014473684210526328
2019-01-17,0.753,0.759,0.743,0.744,0.007968127490039847,0.013280212483399747
2019-01-18,0.745,0.755,0.744,0.754,0.014784946236559153,0.0
2019-01-21,0.754,0.76,0.745,0.749,0.00795755968169762,0.01193633952254643
2019-01-22,0.747,0.751,0.735,0.738,0.0026702269692923924,0.018691588785046745
2019-01-23,0.736,0.742,0.73,0.736,0.005420054200542011,0.010840108401084021
2019-01-24,0.738,0.758,0.738,0.749,0.029891304347826116,0.0
2019-01-25,0.748,0.754,0.746,0.748,0.006675567423230981,0.004005340453938589
2019-01-28,0.757,0.762,0.741,0.743,0.018716577540106968,0.009358288770053484
2019-01-29,0.742,0.743,0.723,0.737,0.0,0.02691790040376853
2019-01-30,0.736,0.74,0.727,0.728,0.0040705563093622835,0.013568521031207611
2019-01-31,0.733,0.745,0.73,0.737,0.023351648351648373,0.0
2019-02-01,0.749,0.757,0.746,0.756,0.027137042062415222,0.0
2019-02-11,0.76,0.77,0.754,0.769,0.018518518518518535,0.002645502645502648
2019-02-12,0.77,0.781,0.764,0.774,0.01560468140442134,0.0065019505851755584
2019-02-13,0.774,0.804,0.77,0.801,0.038759689922480654,0.005167958656330754
2019-02-14,0.799,0.806,0.793,0.799,0.006242197253433213,0.009987515605493142
2019-02-15,0.797,0.801,0.78,0.782,0.002503128911138926,0.023779724655819793
2019-02-18,0.79,0.83,0.79,0.827,0.061381074168797865,0.0
2019-02-19,0.829,0.861,0.824,0.834,0.04111245465538094,0.003627569528415965
2019-02-20,0.834,0.846,0.824,0.836,0.014388489208633106,0.011990407673860922
2019-02-21,0.835,0.875,0.827,0.843,0.046650717703349324,0.010765550239234459
2019-02-22,0.849,0.927,0.837,0.927,0.0996441281138791,0.007117437722419935
2019-02-25,0.981,1.02,0.952,1.02,0.10032362459546922,0.0
2019-02-26,1.052,1.071,0.994,0.998,0.04999999999999993,0.025490196078431393
2019-02-27,0.989,1.024,0.964,0.989,0.026052104208416856,0.03406813627254512
2019-02-28,0.988,0.988,0.942,0.956,0.0,0.04752275025278063
2019-03-01,0.966,0.998,0.95,0.987,0.04393305439330548,0.006276150627615069
2019-03-04,0.997,1.049,0.971,0.995,0.06281661600810531,0.01621073961499495
2019-03-05,0.98,0.998,0.976,0.995,0.003015075376884425,0.01909547738693469
2019-03-06,0.995,1.077,0.994,1.051,0.0824120603015075,0.0010050251256281417
2019-03-07,1.06,1.13,1.039,1.104,0.07516650808753565,0.011417697431018088
2019-03-08,1.035,1.063,0.994,0.995,0.0,0.09963768115942037
2019-03-11,0.992,1.025,0.97,1.01,0.030150753768844137,0.02512562814070354
2019-03-12,1.016,1.046,1.009,1.02,0.035643564356435675,0.000990099009901101
2019-03-13,1.019,1.026,0.99,1.002,0.005882352941176476,0.029411764705882377
2019-03-14,0.99,1.008,0.957,0.968,0.005988023952095814,0.044910179640718605
2019-03-15,0.976,0.996,0.966,0.981,0.02892561983471077,0.0020661157024793406
2019-03-18,0.98,1.005,0.961,1.005,0.024464831804281256,0.02038735983690114
2019-03-19,1.005,1.009,0.988,0.994,0.003980099502487566,0.016915422885572046
2019-03-20,0.991,1.02,0.988,1.008,0.02615694164989942,0.006036217303822943
2019-03-21,1.012,1.047,0.999,1.022,0.038690476190476115,0.008928571428571437
2019-03-22,1.016,1.024,0.992,1.011,0.001956947162426616,0.029354207436399243
2019-03-25,0.99,1.004,0.971,0.973,0.0,0.03956478733926798
2019-03-26,0.979,0.984,0.937,0.943,0.01130524152106887,0.03699897225077073
2019-03-27,0.95,0.958,0.939,0.948,0.01590668080593851,0.004241781548250269
2019-03-28,0.942,0.961,0.931,0.94,0.013713080168776384,0.017932489451476692
2019-03-29,0.945,1.022,0.944,1.02,0.08723404255319157,0.0
2019-04-01,1.022,1.053,1.007,1.035,0.03235294117647051,0.012745098039215806
2019-04-02,1.035,1.058,1.024,1.031,0.02222222222222235,0.010628019323671401
2019-04-03,1.02,1.088,1.018,1.084,0.055286129970902195,0.01260911736178458
2019-04-04,1.088,1.095,1.068,1.085,0.010147601476014666,0.014760147601476026
2019-04-08,1.091,1.101,1.042,1.059,0.014746543778801857,0.03963133640552989
2019-04-09,1.058,1.073,1.039,1.059,0.013220018885741277,0.01888574126534468
2019-04-10,1.06,1.064,1.022,1.044,0.004721435316336275,0.03493862134088756
2019-04-11,1.036,1.043,1.02,1.023,0.0,0.022988505747126457
2019-04-12,1.02,1.037,1.015,1.027,0.013685239491691118,0.007820136852394924
2019-04-15,1.048,1.053,1.003,1.005,0.025316455696202556,0.0233690360272639
2019-04-16,0.995,1.032,0.984,1.031,0.026865671641791183,0.020895522388059612
2019-04-17,1.024,1.034,1.019,1.023,0.0029097963142581122,0.011639185257032019
2019-04-18,1.023,1.029,1.012,1.015,0.005865102639296194,0.010752688172042913
2019-04-19,1.017,1.034,1.014,1.027,0.018719211822660228,0.0009852216748767388
2019-04-22,1.039,1.042,1.0,1.004,0.014605647517040044,0.026290165530671778
2019-04-23,1.0,1.031,0.994,1.009,0.026892430278884376,0.00996015936254981
2019-04-24,1.008,1.02,1.004,1.017,0.010901883052527376,0.0049554013875122834
2019-04-25,1.017,1.027,0.987,0.989,0.00983284169124878,0.029498525073746232
2019-04-26,0.987,1.01,0.98,0.995,0.021233569261880705,0.009100101112234589
2019-04-29,0.996,0.996,0.948,0.952,0.0010050251256281417,0.047236180904522654
2019-04-30,0.953,0.966,0.95,0.957,0.01470588235294119,0.002100840336134456
2019-05-06,0.9,0.919,0.861,0.864,0.0,0.10031347962382443
2019-05-07,0.871,0.882,0.85,0.877,0.020833333333333353,0.016203703703703717
2019-05-08,0.859,0.881,0.854,0.866,0.004561003420752569,0.026225769669327274
2019-05-09,0.852,0.874,0.85,0.854,0.009237875288683611,0.018475750577367223
2019-05-10,0.866,0.896,0.851,0.892,0.04918032786885251,0.003512880562060893
2019-05-13,0.878,0.883,0.868,0.873,0.0,0.026905829596412578
2019-05-14,0.863,0.88,0.861,0.862,0.00801832760595648,0.013745704467353964
2019-05-15,0.87,0.881,0.868,0.876,0.022041763341067305,0.0
2019-05-16,0.874,0.882,0.87,0.879,0.006849315068493156,0.006849315068493156
2019-05-17,0.879,0.88,0.836,0.843,0.0011376564277588179,0.04891922639362917
2019-05-20,0.833,0.861,0.83,0.85,0.021352313167259804,0.015421115065243194
2019-05-21,0.849,0.871,0.847,0.862,0.0247058823529412,0.0035294117647058855
2019-05-22,0.862,0.867,0.848,0.853,0.005800464037122975,0.01624129930394433
2019-05-23,0.85,0.867,0.844,0.851,0.016412661195779617,0.010550996483001182
2019-05-24,0.852,0.86,0.849,0.852,0.010575793184488846,0.0023501762632197436
2019-05-27,0.854,0.88,0.845,0.876,0.032863849765258246,0.008215962441314562
2019-05-28,0.872,0.883,0.867,0.872,0.007990867579908682,0.010273972602739736
2019-05-29,0.869,0.882,0.867,0.873,0.011467889908256892,0.005733944954128446
2019-05-30,0.868,0.87,0.854,0.861,0.0,0.021764032073310444
2019-05-31,0.861,0.867,0.854,0.855,0.0069686411149825845,0.008130081300813016
2019-06-03,0.862,0.874,0.853,0.856,0.022222222222222244,0.00233918128654971
2019-06-04,0.855,0.857,0.847,0.853,0.0011682242990654216,0.010514018691588795
2019-06-05,0.863,0.871,0.857,0.86,0.021101992966002365,0.0
2019-06-06,0.858,0.868,0.85,0.851,0.009302325581395357,0.011627906976744196
2019-06-10,0.85,0.852,0.823,0.841,0.0011750881316098718,0.03290246768507641
2019-06-11,0.841,0.887,0.84,0.884,0.0546967895362664,0.001189060642092748
2019-06-12,0.879,0.888,0.872,0.875,0.004524886877828058,0.013574660633484175
2019-06-13,0.871,0.887,0.871,0.881,0.013714285714285726,0.004571428571428575
2019-06-14,0.879,0.885,0.861,0.864,0.004540295119182751,0.022701475595913755
2019-06-17,0.864,0.873,0.863,0.87,0.010416666666666676,0.0011574074074074084
2019-06-18,0.871,0.872,0.859,0.868,0.002298850574712646,0.012643678160919552
2019-06-19,0.918,0.928,0.886,0.886,0.0691244239631337,0.0
2019-06-20,0.885,0.96,0.882,0.94,0.08352144469525954,0.004514672686230252
2019-06-21,0.948,0.964,0.941,0.952,0.025531914893617044,0.0
2019-06-24,0.968,0.968,0.945,0.95,0.016806722689075647,0.007352941176470595
2019-06-25,0.95,0.957,0.924,0.952,0.007368421052631586,0.027368421052631486
2019-06-26,0.934,0.943,0.925,0.932,0.0,0.028361344537815036
2019-06-27,0.934,0.961,0.934,0.947,0.031115879828326087,0.0
2019-06-28,0.944,0.947,0.934,0.943,0.0,0.013727560718056918
2019-07-01,0.972,0.978,0.959,0.964,0.037115588547189854,0.0
2019-07-02,0.96,0.96,0.951,0.954,0.0,0.01348547717842325
2019-07-03,0.952,0.953,0.932,0.937,0.0,0.023060796645702212
2019-07-04,0.939,0.95,0.931,0.938,0.013874066168623158,0.006403415154749205
2019-07-05,0.937,0.942,0.93,0.937,0.004264392324093821,0.008528784648187524
2019-07-08,0.933,0.938,0.906,0.914,0.001067235859124749,0.03308431163287089
2019-07-09,0.913,0.924,0.905,0.92,0.010940919037199135,0.009846827133479221
2019-07-10,0.92,0.929,0.913,0.917,0.009782608695652182,0.007608695652173919
2019-07-11,0.925,0.933,0.911,0.919,0.01744820065430754,0.006543075245365328
2019-07-12,0.916,0.927,0.91,0.922,0.008705114254624599,0.009793253536452674
2019-07-15,0.918,0.952,0.911,0.939,0.03253796095444676,0.01193058568329719
2019-07-16,0.935,0.941,0.933,0.936,0.0021299254526091606,0.006389776357827364
2019-07-17,0.933,0.942,0.932,0.934,0.006410256410256297,0.004273504273504277
2019-07-18,0.93,0.93,0.92,0.92,0.0,0.01498929336188438
2019-07-19,0.924,0.945,0.924,0.939,0.027173913043478163,0.0
2019-07-22,0.942,0.945,0.918,0.92,0.006389776357827482,0.022364217252396068
2019-07-23,0.92,0.926,0.917,0.922,0.006521739130434788,0.003260869565217394
2019-07-24,0.924,0.939,0.924,0.93,0.018438177874186445,0.0
2019-07-25,0.928,0.933,0.924,0.932,0.003225806451612906,0.006451612903225812
2019-07-26,0.927,0.93,0.924,0.929,0.0,0.00858369098712447
2019-07-29,0.929,0.93,0.912,0.915,0.0010764262648008621,0.018299246501614654
2019-07-30,0.916,0.933,0.916,0.923,0.019672131147541,0.0
2019-07-31,0.921,0.921,0.915,0.917,0.0,0.008667388949079096
2019-08-01,0.912,0.917,0.903,0.906,0.0,0.015267175572519097
2019-08-02,0.885,0.885,0.873,0.878,0.0,0.03642384105960268
2019-08-05,0.872,0.879,0.857,0.858,0.0011389521640091126,0.023917995444191365
2019-08-06,0.839,0.864,0.828,0.854,0.006993006993006999,0.034965034965034995
2019-08-07,0.855,0.858,0.84,0.841,0.004683840749414524,0.016393442622950834
2019-08-08,0.861,0.866,0.85,0.851,0.029726516052318696,0.0
2019-08-09,0.856,0.858,0.838,0.84,0.008225616921269103,0.015276145710928333
2019-08-12,0.849,0.86,0.849,0.859,0.023809523809523832,0.0
2019-08-13,0.851,0.853,0.847,0.85,0.0,0.013969732246798615
2019-08-14,0.862,0.865,0.851,0.852,0.01764705882352943,0.0
2019-08-15,0.833,0.853,0.83,0.85,0.0011737089201877945,0.025821596244131478
2019-08-16,0.848,0.864,0.847,0.854,0.016470588235294133,0.0035294117647058855
2019-08-19,0.867,0.913,0.86,0.912,0.06908665105386423,0.0
2019-08-20,0.912,0.917,0.902,0.904,0.005482456140350882,0.010964912280701764
2019-08-21,0.902,0.909,0.899,0.9,0.005530973451327439,0.005530973451327439
2019-08-22,0.904,0.905,0.892,0.899,0.00555555555555556,0.008888888888888896
2019-08-23,0.899,0.909,0.894,0.897,0.011123470522803124,0.005561735261401562
2019-08-26,0.873,0.888,0.873,0.882,0.0,0.02675585284280939
2019-08-27,0.887,0.915,0.886,0.9,0.03741496598639459,0.0
2019-08-28,0.897,0.897,0.886,0.888,0.0,0.015555555555555569
2019-08-29,0.894,0.894,0.882,0.883,0.006756756756756762,0.006756756756756762
2019-08-30,0.89,0.899,0.875,0.88,0.018120045300113265,0.009060022650056633
2019-09-02,0.88,0.903,0.878,0.899,0.02613636363636366,0.002272727272727275
2019-09-03,0.899,0.902,0.893,0.901,0.003337041156840937,0.006674082313681874
2019-09-04,0.899,0.921,0.896,0.915,0.022197558268590475,0.005549389567147619
2019-09-05,0.933,0.973,0.933,0.94,0.06338797814207643,0.0
2019-09-06,0.952,0.957,0.939,0.95,0.01808510638297874,0.0010638297872340437
2019-09-09,0.968,0.974,0.955,0.963,0.025263157894736866,0.0
2019-09-10,0.963,0.973,0.948,0.964,0.010384215991692636,0.015576323987538955
2019-09-11,0.978,0.989,0.965,0.972,0.025933609958506246,0.0
2019-09-12,0.975,0.988,0.966,0.986,0.016460905349794254,0.006172839506172845
2019-09-16,0.989,0.989,0.967,0.971,0.003042596348884384,0.019269776876267766
2019-09-17,0.966,0.969,0.94,0.944,0.0,0.03192584963954689
2019-09-18,0.948,0.95,0.937,0.939,0.006355932203389836,0.007415254237288025
2019-09-19,0.944,0.945,0.936,0.944,0.006389776357827482,0.003194888178913623
2019-09-20,0.944,0.949,0.932,0.939,0.00529661016949153,0.012711864406779556
2019-09-23,0.933,0.934,0.92,0.926,0.0,0.02023429179978691
2019-09-24,0.929,0.94,0.924,0.928,0.015118790496760152,0.002159827213822896
2019-09-25,0.923,0.932,0.918,0.922,0.00431034482758621,0.010775862068965527
2019-09-26,0.926,0.93,0.908,0.91,0.008676789587852502,0.015184381778741879
2019-09-27,0.909,0.917,0.908,0.916,0.007692307692307699,0.0021978021978021995
2019-09-30,0.916,0.917,0.895,0.896,0.00109170305676856,0.022925764192139757
2019-10-08,0.893,0.9,0.887,0.89,0.004464285714285718,0.010044642857142867
2019-10-09,0.885,0.891,0.878,0.891,0.0011235955056179785,0.013483146067415743
2019-10-10,0.89,0.9,0.888,0.898,0.01010101010101011,0.00336700336700337
2019-10-11,0.9,0.922,0.891,0.914,0.026726057906458822,0.007795100222717156
2019-10-14,0.927,0.941,0.921,0.928,0.02954048140043754,0.0
2019-10-15,0.926,0.926,0.915,0.916,0.0,0.014008620689655185
2019-10-16,0.917,0.929,0.909,0.911,0.014192139737991279,0.007641921397379919
2019-10-17,0.91,0.917,0.903,0.907,0.006586169045005494,0.008781558726673992
2019-10-18,0.908,0.91,0.887,0.888,0.003307607497243663,0.02205071664829109
2019-10-21,0.883,0.885,0.869,0.878,0.0,0.021396396396396414
2019-10-22,0.88,0.884,0.875,0.883,0.006833712984054676,0.003416856492027338
2019-10-23,0.884,0.886,0.874,0.875,0.0033975084937712375,0.010192525481313712
2019-10-24,0.876,0.886,0.873,0.88,0.012571428571428582,0.0022857142857142876
2019-10-25,0.879,0.892,0.875,0.89,0.013636363636363648,0.005681818181818187
2019-10-28,0.895,0.906,0.887,0.904,0.017977528089887656,0.0033707865168539357
2019-10-29,0.903,0.903,0.884,0.885,0.0,0.022123893805309755
2019-10-30,0.882,0.886,0.876,0.878,0.0011299435028248597,0.010169491525423738
2019-10-31,0.878,0.883,0.873,0.875,0.005694760820045563,0.005694760820045563
2019-11-01,0.872,0.89,0.87,0.887,0.017142857142857158,0.0057142857142857195
2019-11-04,0.888,0.895,0.885,0.888,0.009019165727170245,0.0022547914317925613
2019-11-05,0.889,0.909,0.889,0.902,0.02364864864864867,0.0
2019-11-06,0.899,0.901,0.888,0.891,0.0,0.01552106430155212
2019-11-07,0.889,0.9,0.888,0.895,0.01010101010101011,0.00336700336700337
2019-11-08,0.903,0.906,0.883,0.884,0.0122905027932961,0.013407821229050291
2019-11-11,0.881,0.881,0.866,0.868,0.0,0.020361990950226262
2019-11-12,0.868,0.871,0.862,0.868,0.0034562211981566853,0.0069124423963133706
2019-11-13,0.867,0.868,0.858,0.861,0.0,0.011520737327188951
2019-11-14,0.861,0.868,0.858,0.862,0.008130081300813016,0.0034843205574912922
2019-11-15,0.862,0.865,0.852,0.852,0.0034802784222737852,0.01160092807424595
2019-11-18,0.851,0.866,0.85,0.863,0.016431924882629123,0.002347417840375589
2019-11-19,0.861,0.871,0.861,0.87,0.009269988412514493,0.0023174971031286232
2019-11-20,0.868,0.869,0.856,0.857,0.0,0.01609195402298852
2019-11-21,0.854,0.86,0.851,0.856,0.003500583430571765,0.00700116686114353
2019-11-22,0.857,0.865,0.851,0.855,0.010514018691588795,0.005841121495327108
2019-11-25,0.856,0.858,0.85,0.858,0.0035087719298245645,0.005847953216374275
2019-11-26,0.86,0.861,0.854,0.856,0.0034965034965034995,0.004662004662004666
2019-11-27,0.854,0.857,0.851,0.852,0.0011682242990654216,0.005841121495327108
2019-11-28,0.851,0.855,0.849,0.851,0.0035211267605633834,0.0035211267605633834
2019-11-29,0.851,0.86,0.85,0.855,0.010575793184488846,0.0011750881316098718
2019-12-02,0.868,0.872,0.86,0.861,0.019883040935672534,0.0
2019-12-03,0.858,0.867,0.855,0.867,0.0069686411149825845,0.0069686411149825845
2019-12-04,0.863,0.865,0.861,0.863,0.0,0.006920415224913501
2019-12-05,0.866,0.879,0.866,0.878,0.018539976825028986,0.0
2019-12-06,0.879,0.882,0.873,0.881,0.004555808656036451,0.005694760820045563
2019-12-09,0.883,0.885,0.877,0.881,0.004540295119182751,0.004540295119182751
2019-12-10,0.878,0.88,0.873,0.879,0.0,0.009080590238365502
2019-12-11,0.88,0.889,0.875,0.879,0.011376564277588179,0.0045506257110352714
2019-12-12,0.878,0.879,0.874,0.875,0.0,0.005688282138794089
2019-12-13,0.885,0.917,0.885,0.91,0.04800000000000004,0.0
2019-12-16,0.912,0.929,0.903,0.925,0.0208791208791209,0.007692307692307699
2019-12-17,0.924,0.979,0.92,0.95,0.05837837837837831,0.00540540540540541
2019-12-18,0.949,0.967,0.946,0.953,0.01789473684210528,0.004210526315789478
2019-12-19,0.95,0.955,0.942,0.947,0.002098635886673664,0.011542497376705152
2019-12-20,0.95,0.972,0.949,0.953,0.02639915522703276,0.0
2019-12-23,0.952,0.962,0.924,0.926,0.009443861490031489,0.030430220356768012
2019-12-24,0.93,0.937,0.925,0.935,0.011879049676025927,0.001079913606911448
2019-12-25,0.931,0.949,0.927,0.939,0.014973262032085455,0.008556149732620328
2019-12-26,0.939,0.964,0.938,0.963,0.02662406815761451,0.0010649627263045803
2019-12-27,0.961,0.975,0.94,0.942,0.012461059190031164,0.023883696780893065
2019-12-30,0.937,1.004,0.932,0.999,0.06581740976645442,0.01061571125265382
2019-12-31,0.994,1.0,0.981,0.991,0.0010010010010010019,0.018018018018018035
2020-01-02,1.011,1.017,0.994,0.999,0.02623612512613513,0.0
2020-01-03,0.999,1.008,0.991,0.997,0.009009009009009018,0.008008008008008015
2020-01-06,0.989,1.013,0.981,0.996,0.016048144433299803,0.016048144433299914
2020-01-07,0.999,1.008,0.988,1.002,0.012048192771084348,0.008032128514056233
2020-01-08,0.993,0.995,0.968,0.971,0.0,0.03393213572854294
2020-01-09,0.987,0.995,0.98,0.986,0.02471678681771372,0.0
2020-01-10,1.002,1.005,0.982,0.989,0.019269776876267655,0.004056795131845845
2020-01-13,0.983,1.001,0.971,1.0,0.012133468149646005,0.018200202224469178
2020-01-14,1.002,1.004,0.988,0.989,0.0040000000000000036,0.01200000000000001
2020-01-15,0.987,0.991,0.98,0.984,0.0020222446916076863,0.009100101112234589
2020-01-16,0.985,0.988,0.977,0.979,0.004065040650406508,0.007113821138211389
2020-01-17,0.982,0.996,0.981,0.983,0.017364657814096032,0.0
2020-01-20,0.985,0.998,0.977,0.997,0.015259409969481193,0.006103763987792478
2020-01-21,0.993,0.998,0.978,0.98,0.0010030090270812446,0.01905717151454365
2020-01-22,0.975,0.993,0.958,0.988,0.013265306122448991,0.022448979591836754
2020-01-23,0.976,0.978,0.936,0.947,0.0,0.052631578947368356
2020-02-03,0.852,0.854,0.852,0.852,0.0,0.10031678986272437
2020-02-04,0.837,0.856,0.83,0.851,0.004694835680751178,0.025821596244131478
2020-02-05,0.853,0.884,0.845,0.861,0.03877790834312577,0.007050528789659231
2020-02-06,0.861,0.893,0.854,0.885,0.037166085946573786,0.008130081300813016
2020-02-07,0.879,0.891,0.874,0.888,0.006779661016949158,0.012429378531073457
2020-02-10,0.881,0.901,0.878,0.895,0.014639639639639653,0.011261261261261271
2020-02-11,0.901,0.914,0.893,0.894,0.021229050279329628,0.002234636871508382
2020-02-12,0.891,0.912,0.889,0.907,0.02013422818791948,0.005592841163310967
2020-02-13,0.909,0.911,0.89,0.893,0.0044101433296582174,0.018743109151047425
2020-02-14,0.89,0.919,0.888,0.909,0.02911534154535277,0.005599104143337071
2020-02-17,0.932,0.958,0.924,0.955,0.05390539053905383,0.0
2020-02-18,0.956,0.959,0.94,0.948,0.004188481675392674,0.015706806282722526
2020-02-19,0.947,0.97,0.943,0.955,0.023206751054852343,0.005274261603375532
2020-02-20,0.955,1.015,0.951,1.012,0.06282722513089,0.004188481675392674
2020-02-21,1.013,1.044,0.998,1.014,0.03162055335968382,0.013833992094861672
2020-02-24,1.012,1.025,0.998,1.013,0.010848126232741517,0.01577909270216964
2020-02-25,0.994,1.023,0.973,1.02,0.009871668311944729,0.039486673247778804
2020-02-26,1.006,1.032,0.995,1.001,0.011764705882352951,0.024509803921568648
2020-02-27,1.008,1.025,0.999,1.003,0.023976023976024,0.001998001998001889
2020-02-28,0.973,0.982,0.934,0.938,0.0,0.06879361914257213
2020-03-02,0.953,0.997,0.944,0.987,0.06289978678038385,0.0
2020-03-03,1.008,1.02,0.984,0.996,0.033434650455927084,0.0030395136778115527
2020-03-04,0.989,1.023,0.988,1.022,0.027108433734939673,0.008032128514056233
2020-03-05,1.035,1.069,1.016,1.056,0.04598825831702537,0.005870841487279848
2020-03-06,1.037,1.041,1.015,1.016,0.0,0.038825757575757715
2020-03-09,0.997,1.007,0.971,0.982,0.0,0.044291338582677205
2020-03-10,0.984,1.022,0.972,1.016,0.04073319755600818,0.010183299389002046
2020-03-11,1.015,1.015,0.986,0.988,0.0,0.029527559055118138
2020-03-12,0.971,0.987,0.965,0.975,0.0,0.02327935222672067
2020-03-13,0.931,0.98,0.924,0.969,0.0051282051282051325,0.05230769230769224
2020-03-16,0.97,0.97,0.91,0.913,0.0010319917440660485,0.060887512899896745
2020-03-17,0.926,0.936,0.892,0.915,0.025191675794085454,0.023001095290251936
2020-03-18,0.922,0.927,0.885,0.886,0.013114754098360666,0.03278688524590167
2020-03-19,0.888,0.906,0.87,0.897,0.022573363431151263,0.01805869074492101
2020-03-20,0.902,0.907,0.888,0.907,0.011148272017837245,0.01003344481605352
2020-03-23,0.879,0.892,0.866,0.867,0.0,0.045203969128996734
2020-03-24,0.886,0.889,0.864,0.887,0.025374855824682838,0.0034602076124567505
2020-03-25,0.905,0.91,0.897,0.904,0.025930101465614454,0.0
2020-03-26,0.895,0.902,0.89,0.891,0.0,0.015486725663716828
2020-03-27,0.9,0.914,0.893,0.895,0.02581369248035917,0.0
2020-03-30,0.882,0.89,0.875,0.885,0.0,0.022346368715083817
2020-03-31,0.893,0.896,0.88,0.881,0.012429378531073457,0.005649717514124299
2020-04-01,0.88,0.894,0.877,0.878,0.01475595913734394,0.004540295119182751
2020-04-02,0.875,0.895,0.874,0.894,0.019362186788154916,0.004555808656036451
2020-04-03,0.889,0.891,0.878,0.881,0.0,0.017897091722595095
2020-04-07,0.896,0.905,0.891,0.901,0.027241770715096505,0.0
2020-04-08,0.894,0.903,0.892,0.897,0.0022197558268590473,0.009988901220865713
2020-04-09,0.905,0.92,0.904,0.906,0.025641025641025664,0.0
2020-04-10,0.907,0.908,0.891,0.893,0.0022075055187637986,0.016556291390728492
2020-04-13,0.887,0.889,0.88,0.885,0.0,0.014557670772676385
2020-04-14,0.89,0.918,0.887,0.907,0.03728813559322037,0.0
2020-04-15,0.902,0.916,0.897,0.898,0.00992282249173099,0.011025358324145544
2020-04-16,0.893,0.916,0.892,0.906,0.020044543429844117,0.0066815144766147055
2020-04-17,0.912,0.914,0.903,0.905,0.008830022075055195,0.0033112582781456984
2020-04-20,0.906,0.908,0.903,0.908,0.003314917127071826,0.0022099447513812174
2020-04-21,0.903,0.904,0.886,0.892,0.0,0.024229074889867863
2020-04-22,0.886,0.895,0.884,0.894,0.0033632286995515723,0.00896860986547086
2020-04-23,0.893,0.894,0.885,0.886,0.0,0.01006711409395974
2020-04-24,0.884,0.887,0.867,0.87,0.001128668171557563,0.021444695259593697
2020-04-27,0.872,0.878,0.868,0.869,0.009195402298850583,0.002298850574712646
2020-04-28,0.877,0.886,0.862,0.879,0.01956271576524743,0.008055235903337177
2020-04-29,0.874,0.886,0.872,0.881,0.007963594994311724,0.007963594994311724
2020-04-30,0.887,0.903,0.886,0.902,0.02497162315550513,0.0
2020-05-06,0.889,0.904,0.885,0.904,0.0022172949002217312,0.018847006651884716
2020-05-07,0.902,0.909,0.897,0.898,0.005530973451327439,0.007743362831858414
2020-05-08,0.906,0.924,0.901,0.915,0.02895322939866372,0.0
2020-05-11,0.917,0.919,0.902,0.907,0.004371584699453555,0.014207650273224055
2020-05-12,0.91,0.913,0.897,0.905,0.006615214994487326,0.011025358324145544
2020-05-13,0.898,0.908,0.898,0.905,0.003314917127071826,0.007734806629834261
2020-05-14,0.901,0.902,0.892,0.894,0.0,0.014364640883977913
2020-05-15,0.898,0.902,0.894,0.895,0.008948545861297548,0.0
2020-05-18,0.895,0.899,0.888,0.89,0.004469273743016764,0.007821229050279337
2020-05-19,0.899,0.901,0.894,0.896,0.012359550561797763,0.0
2020-05-20,0.895,0.898,0.888,0.89,0.002232142857142859,0.008928571428571437
2020-05-21,0.892,0.893,0.88,0.883,0.0033707865168539357,0.011235955056179785
2020-05-22,0.882,0.882,0.86,0.86,0.0,0.02604756511891282
2020-05-25,0.859,0.864,0.853,0.857,0.004651162790697679,0.008139534883720937
2020-05-26,0.861,0.867,0.86,0.867,0.011668611435239217,0.0
2020-05-27,0.866,0.866,0.855,0.857,0.0,0.013840830449827002
2020-05-28,0.858,0.878,0.858,0.868,0.024504084014002357,0.0
2020-05-29,0.862,0.867,0.861,0.863,0.0,0.008064516129032265
2020-06-01,0.883,0.905,0.879,0.9,0.048667439165701085,0.0
2020-06-02,0.899,0.904,0.894,0.898,0.004444444444444448,0.006666666666666672
2020-06-03,0.901,0.905,0.888,0.889,0.007795100222717156,0.01113585746102451
2020-06-04,0.893,0.894,0.884,0.885,0.005624296962879645,0.005624296962879645
2020-06-05,0.885,0.895,0.881,0.893,0.011299435028248598,0.004519774011299439
2020-06-08,0.9,0.9,0.888,0.889,0.0078387458006719,0.005599104143337071
2020-06-09,0.891,0.906,0.888,0.899,0.019122609673790793,0.001124859392575929
2020-06-10,0.897,0.897,0.889,0.892,0.0,0.011123470522803124
2020-06-11,0.891,0.904,0.886,0.887,0.013452914798206289,0.0067264573991031446
2020-06-12,0.875,0.888,0.871,0.885,0.0011273957158962806,0.01803833145434049
2020-06-15,0.887,0.902,0.882,0.883,0.019209039548022614,0.003389830508474579
2020-06-16,0.89,0.895,0.887,0.892,0.01359003397508495,0.0
2020-06-17,0.892,0.893,0.884,0.889,0.0011210762331838576,0.00896860986547086
2020-06-18,0.888,0.904,0.886,0.899,0.016872890888638935,0.003374578177727787
2020-06-19,0.898,0.938,0.896,0.927,0.04338153503893206,0.003337041156840937
2020-06-22,0.93,0.985,0.929,0.954,0.0625674217907227,0.0
2020-06-23,0.95,0.963,0.943,0.962,0.009433962264150952,0.011530398322851163
2020-06-24,0.965,0.98,0.958,0.963,0.01871101871101873,0.004158004158004162
2020-06-29,0.951,0.953,0.93,0.932,0.0,0.03426791277258558
2020-06-30,0.936,0.975,0.935,0.963,0.04613733905579391,0.0
2020-07-01,0.963,0.983,0.957,0.982,0.020768431983385273,0.006230529595015582
2020-07-02,0.981,1.066,0.978,1.06,0.08553971486761719,0.004073319755600819
2020-07-03,1.08,1.165,1.062,1.16,0.09905660377358488,0.0
2020-07-06,1.199,1.276,1.171,1.276,0.10000000000000009,0.0
2020-07-07,1.295,1.298,1.195,1.218,0.01724137931034484,0.06347962382445138
2020-07-08,1.21,1.335,1.202,1.3,0.0960591133004926,0.013136288998357976
2020-07-09,1.276,1.329,1.253,1.297,0.02230769230769224,0.03615384615384627
2020-07-10,1.268,1.304,1.261,1.268,0.005397070161912196,0.02775636083269085
2020-07-13,1.257,1.321,1.244,1.293,0.04179810725552045,0.0189274447949527
2020-07-14,1.276,1.303,1.261,1.292,0.0077339520494973,0.02474864655839136
2020-07-15,1.307,1.313,1.254,1.256,0.016253869969040175,0.029411764705882377
2020-07-16,1.25,1.282,1.182,1.184,0.02070063694267518,0.05891719745222935
2020-07-17,1.199,1.204,1.131,1.154,0.016891891891891907,0.04476351351351346
2020-07-20,1.183,1.228,1.165,1.216,0.06412478336221843,0.0
2020-07-21,1.216,1.222,1.186,1.194,0.004934210526315794,0.02467105263157897
2020-07-22,1.2,1.254,1.192,1.208,0.05025125628140708,0.0016750418760469027
2020-07-23,1.186,1.218,1.174,1.214,0.008278145695364246,0.028145695364238436
2020-07-24,1.201,1.208,1.124,1.134,0.0,0.07413509060955507
2020-07-27,1.135,1.145,1.107,1.133,0.00970017636684314,0.023809523809523735
2020-07-28,1.145,1.154,1.12,1.131,0.01853486319505729,0.011473962930273522
2020-07-29,1.128,1.182,1.124,1.179,0.045092838196286414,0.006189213085764717
2020-07-30,1.182,1.185,1.163,1.168,0.005089058524173033,0.013570822731128087
2020-07-31,1.163,1.208,1.162,1.186,0.034246575342465786,0.005136986301369868
2020-08-03,1.205,1.214,1.186,1.212,0.023608768971332232,0.0
2020-08-04,1.216,1.229,1.2,1.205,0.01402640264026413,0.00990099009900991
2020-08-05,1.201,1.21,1.184,1.199,0.004149377593360907,0.01742738589211629
2020-08-06,1.199,1.256,1.175,1.239,0.04753961634695574,0.0200166805671393
2020-08-07,1.21,1.241,1.175,1.199,0.0016142050040355137,0.05165456012913644
2020-08-10,1.186,1.238,1.18,1.213,0.03252710592160127,0.015846538782318703
2020-08-11,1.209,1.227,1.169,1.174,0.011541632316570495,0.03627370156636442
2020-08-12,1.166,1.178,1.142,1.166,0.0034071550255536658,0.027257240204429326
2020-08-13,1.169,1.19,1.16,1.172,0.020583190394511168,0.005145797598627792
2020-08-14,1.164,1.189,1.161,1.188,0.014505119453925023,0.009385665529010153
2020-08-17,1.21,1.278,1.208,1.249,0.07575757575757583,0.0
2020-08-18,1.246,1.258,1.231,1.241,0.007205764611689269,0.014411529223378714
2020-08-19,1.237,1.25,1.215,1.219,0.007252215954875017,0.02095084609186142
2020-08-20,1.207,1.212,1.191,1.196,0.0,0.022969647251845794
2020-08-21,1.205,1.222,1.197,1.215,0.02173913043478263,0.0
2020-08-24,1.22,1.223,1.204,1.208,0.0065843621399177005,0.00905349794238693
2020-08-25,1.211,1.226,1.198,1.202,0.014900662251655643,0.008278145695364246
2020-08-26,1.197,1.205,1.17,1.171,0.0024958402662230562,0.02662229617304495
2020-08-27,1.17,1.184,1.162,1.177,0.01110162254483339,0.007685738684884816
2020-08-28,1.175,1.214,1.171,1.21,0.03143585386576034,0.005097706032285476
2020-08-31,1.22,1.244,1.203,1.207,0.028099173553719034,0.0057851239669420625
2020-09-01,1.2,1.212,1.196,1.211,0.004142502071250947,0.009113504556752378
2020-09-02,1.215,1.224,1.193,1.209,0.010734929810074236,0.014863748967795222
2020-09-03,1.207,1.227,1.197,1.201,0.014888337468982642,0.009925558312655096
2020-09-04,1.179,1.193,1.176,1.19,0.0,0.020815986677768634
2020-09-07,1.186,1.19,1.15,1.151,0.0,0.033613445378151294
2020-09-08,1.155,1.182,1.146,1.173,0.026933101650738416,0.0043440486533450175
2020-09-09,1.157,1.166,1.141,1.149,0.0,0.02728047740835467
2020-09-10,1.16,1.163,1.124,1.125,0.012184508268059193,0.021758050478677033
2020-09-11,1.12,1.13,1.112,1.127,0.00444444444444435,0.011555555555555467
2020-09-14,1.132,1.134,1.119,1.128,0.006211180124223509,0.007098491570541266
2020-09-15,1.127,1.134,1.122,1.13,0.005319148936170218,0.005319148936170021
2020-09-16,1.131,1.142,1.122,1.126,0.010619469026548683,0.007079646017698926
2020-09-17,1.122,1.129,1.106,1.116,0.0026642984014210603,0.017761989342806216
2020-09-18,1.114,1.179,1.113,1.177,0.05645161290322575,0.0026881720430108544
2020-09-21,1.21,1.218,1.174,1.175,0.034834324553950656,0.002548853016142832
2020-09-22,1.159,1.207,1.155,1.174,0.027234042553191513,0.017021276595744695
2020-09-23,1.174,1.179,1.159,1.162,0.004258943781942177,0.012776831345826153
2020-09-24,1.154,1.169,1.148,1.148,0.00602409638554227,0.012048192771084348
2020-09-25,1.152,1.175,1.147,1.167,0.02351916376306632,0.0008710801393727265
2020-09-28,1.161,1.173,1.161,1.165,0.005141388174807203,0.005141388174807203
2020-09-29,1.17,1.178,1.166,1.169,0.011158798283261717,0.0
2020-09-30,1.17,1.174,1.145,1.153,0.004277159965782629,0.020530367835757075
2020-10-09,1.169,1.173,1.163,1.17,0.017346053772766712,0.0
2020-10-12,1.18,1.219,1.178,1.217,0.041880341880342016,0.0
2020-10-13,1.201,1.204,1.19,1.201,0.0,0.02218570254724744
2020-10-14,1.198,1.199,1.183,1.187,0.0,0.014987510407993352
2020-10-15,1.189,1.204,1.183,1.185,0.014321819713563524,0.003369839932603204
2020-10-16,1.185,1.195,1.182,1.189,0.008438818565400852,0.002531645569620349
2020-10-19,1.198,1.208,1.175,1.176,0.01597981497056342,0.011774600504625745
2020-10-20,1.171,1.178,1.161,1.177,0.0017006802721088452,0.012755102040816244
2020-10-21,1.175,1.179,1.165,1.172,0.0016992353440951587,0.010195412064570952
2020-10-22,1.169,1.189,1.165,1.178,0.014505119453925023,0.0059726962457336994
2020-10-23,1.174,1.185,1.158,1.159,0.005942275042444921,0.016977928692699505
2020-10-26,1.15,1.15,1.116,1.121,0.0,0.03710094909404653
2020-10-27,1.117,1.123,1.111,1.12,0.0017841213202497786,0.008920606601248892
2020-10-28,1.119,1.132,1.113,1.127,0.010714285714285525,0.006250000000000104
2020-10-29,1.114,1.146,1.113,1.137,0.01685891748003541,0.012422360248447216
2020-10-30,1.134,1.141,1.099,1.1,0.003518029903254181,0.033421284080914715
2020-11-02,1.1,1.121,1.08,1.092,0.019090909090909006,0.018181818181818195
2020-11-03,1.096,1.132,1.095,1.122,0.03663003663003646,0.0
2020-11-04,1.122,1.124,1.104,1.116,0.0017825311942959016,0.016042780748663114
2020-11-05,1.131,1.142,1.122,1.132,0.023297491039426344,0.0
2020-11-06,1.132,1.148,1.126,1.137,0.014134275618374572,0.005300353356890465
2020-11-09,1.145,1.196,1.14,1.18,0.05189094107299907,0.0
2020-11-10,1.187,1.187,1.156,1.161,0.005932203389830608,0.020338983050847477
2020-11-11,1.158,1.162,1.135,1.136,0.0008613264427216967,0.0223944875107666
2020-11-12,1.137,1.144,1.128,1.13,0.007042253521126768,0.007042253521126768
2020-11-13,1.126,1.126,1.111,1.118,0.0,0.016814159292035318
2020-11-16,1.126,1.129,1.114,1.125,0.009838998211091143,0.0035778175313059065
2020-11-17,1.124,1.132,1.111,1.13,0.006222222222222129,0.012444444444444456
2020-11-18,1.13,1.146,1.127,1.132,0.014159292035398244,0.0026548672566370727
2020-11-19,1.123,1.139,1.111,1.134,0.006183745583038973,0.018551236749116528
2020-11-20,1.13,1.138,1.128,1.136,0.0035273368606701973,0.005291005291005296
2020-11-23,1.128,1.176,1.125,1.157,0.03521126760563384,0.009683098591549208
2020-11-24,1.152,1.163,1.145,1.148,0.005185825410544516,0.010371650821089031
2020-11-25,1.157,1.163,1.129,1.13,0.013066202090592444,0.016550522648083543
2020-11-26,1.127,1.139,1.123,1.133,0.00796460176991161,0.006194690265486634
2020-11-27,1.133,1.161,1.132,1.16,0.024713150926743182,0.0008826125330980688
2020-11-30,1.17,1.209,1.162,1.166,0.04224137931034496,0.0
2020-12-01,1.162,1.219,1.156,1.209,0.045454545454545595,0.008576329331046321
2020-12-02,1.207,1.23,1.198,1.207,0.017369727047146323,0.009098428453267263
2020-12-03,1.201,1.221,1.196,1.209,0.011599005799502909,0.009113504556752378
2020-12-04,1.202,1.202,1.181,1.191,0.0,0.02315963606286189
2020-12-07,1.19,1.192,1.168,1.17,0.0008396305625523844,0.01931150293870708
2020-12-08,1.169,1.181,1.166,1.171,0.009401709401709505,0.003418803418803422
2020-12-09,1.172,1.178,1.13,1.135,0.005977796754910243,0.03501280956447493
2020-12-10,1.129,1.136,1.118,1.128,0.00088105726872237,0.014977973568281854
2020-12-11,1.127,1.129,1.103,1.113,0.0008865248226951348,0.02216312056737581
2020-12-14,1.114,1.117,1.104,1.114,0.0035938903863432198,0.008086253369272144
2020-12-15,1.111,1.121,1.105,1.116,0.006283662477558254,0.008078994614003696
2020-12-16,1.117,1.118,1.104,1.106,0.0017921146953405033,0.010752688172043019
2020-12-17,1.103,1.137,1.097,1.134,0.028028933092224154,0.008137432188065206
2020-12-18,1.129,1.135,1.118,1.122,0.0008818342151676472,0.014109347442680595
2020-12-21,1.119,1.136,1.111,1.13,0.012477718360071114,0.009803921568627558
2020-12-22,1.125,1.127,1.083,1.086,0.0,0.041592920353982245
2020-12-23,1.088,1.101,1.081,1.093,0.013812154696132506,0.004604051565377638
2020-12-24,1.091,1.102,1.081,1.083,0.008234217749313924,0.010978956999085097
2020-12-25,1.08,1.103,1.074,1.097,0.018467220683287183,0.00831024930747913
2020-12-28,1.092,1.108,1.085,1.091,0.010027347310847878,0.010938924339106664
2020-12-29,1.095,1.115,1.094,1.096,0.021998166819431734,0.0
2020-12-30,1.091,1.117,1.09,1.117,0.019160583941605754,0.00547445255474453
2020-12-31,1.127,1.176,1.127,1.167,0.05282005371530881,0.0
2021-01-04,1.181,1.189,1.153,1.177,0.01885175664095974,0.011996572407883472
2021-01-05,1.168,1.188,1.155,1.176,0.009345794392523279,0.018691588785046745
2021-01-06,1.174,1.196,1.161,1.174,0.01700680272108845,0.012755102040816244
2021-01-07,1.177,1.187,1.152,1.186,0.01107325383304951,0.018739352640545163
2021-01-08,1.186,1.195,1.173,1.179,0.007588532883642597,0.0109612141652613
2021-01-11,1.185,1.188,1.15,1.151,0.007633587786259454,0.02459711620016975
2021-01-12,1.143,1.235,1.139,1.229,0.07298001737619468,0.010425716768027811
2021-01-13,1.222,1.234,1.191,1.199,0.004068348250610165,0.03091944670463794
2021-01-14,1.191,1.194,1.168,1.17,0.0,0.025854879065888355
2021-01-15,1.167,1.19,1.159,1.167,0.01709401709401711,0.009401709401709316
2021-01-18,1.162,1.195,1.158,1.178,0.023993144815766945,0.007712082262210898
2021-01-19,1.176,1.199,1.17,1.176,0.017826825127334578,0.006791171477079802
2021-01-20,1.178,1.195,1.173,1.178,0.016156462585034122,0.002551020408163173
2021-01-21,1.182,1.218,1.176,1.195,0.03395585738539901,0.0016977928692699506
2021-01-22,1.189,1.194,1.166,1.172,0.0,0.024267782426778357
2021-01-25,1.172,1.182,1.159,1.164,0.008532423208191134,0.01109215017064838
2021-01-26,1.157,1.163,1.12,1.122,0.0,0.03780068728522321
2021-01-27,1.122,1.133,1.118,1.123,0.00980392156862736,0.003565062388591803
2021-01-28,1.112,1.13,1.108,1.115,0.006233303650934902,0.013357079252003475
2021-01-29,1.122,1.125,1.088,1.106,0.00896860986547086,0.024215246636771222
2021-02-01,1.111,1.117,1.097,1.1,0.009945750452079474,0.008137432188065206
2021-02-02,1.101,1.104,1.088,1.102,0.0036363636363636394,0.010909090909090919
2021-02-03,1.1,1.103,1.086,1.087,0.0009074410163338383,0.014519056261343024
2021-02-04,1.08,1.083,1.051,1.062,0.0,0.033118675252989914
2021-02-05,1.065,1.075,1.052,1.053,0.012241054613935876,0.009416195856873831
2021-02-08,1.054,1.064,1.04,1.056,0.010446343779677228,0.012345679012345585
2021-02-09,1.056,1.088,1.045,1.087,0.030303030303030328,0.01041666666666678
2021-02-10,1.082,1.09,1.075,1.086,0.002759889604415928,0.011039558417663303
2021-02-18,1.103,1.108,1.089,1.091,0.02025782688766116,0.0
2021-02-19,1.085,1.111,1.082,1.11,0.01833180568285978,0.008249312557286798
2021-02-22,1.112,1.119,1.078,1.079,0.008108108108108015,0.028828828828828854
2021-02-23,1.075,1.09,1.068,1.072,0.01019462465245609,0.010194624652455884
2021-02-24,1.074,1.083,1.058,1.067,0.010261194029850651,0.013059701492537325
2021-02-25,1.072,1.082,1.061,1.068,0.014058106841612114,0.005623242736644804
2021-02-26,1.051,1.061,1.045,1.05,0.0,0.02153558052434469
2021-03-01,1.051,1.052,1.034,1.042,0.0019047619047619063,0.01523809523809525
2021-03-02,1.045,1.049,1.028,1.031,0.006717850287907769,0.013435700575815751
2021-03-03,1.029,1.048,1.028,1.048,0.01648884578079547,0.002909796314257897
2021-03-04,1.041,1.043,1.023,1.026,0.0,0.023854961832061195
2021-03-05,1.02,1.055,1.017,1.046,0.02826510721247555,0.00877192982456152
2021-03-08,1.053,1.059,1.026,1.027,0.012428298279158605,0.019120458891013402
2021-03-09,1.025,1.031,0.993,0.999,0.003894839337877316,0.03310613437195708
2021-03-10,1.009,1.01,0.993,0.995,0.011011011011011021,0.006006006006006011
2021-03-11,0.996,1.011,0.995,1.009,0.016080402010050156,0.0
2021-03-12,1.008,1.022,0.993,1.01,0.012884043607532333,0.01585728444003955
2021-03-15,1.0,1.0,0.984,0.989,0.0,0.025742574257425765
2021-03-16,0.991,0.993,0.982,0.991,0.004044489383215373,0.007077856420626902
2021-03-17,0.989,0.999,0.986,0.994,0.00807265388496469,0.005045408678102931
2021-03-18,0.995,1.005,0.993,0.997,0.011066398390341951,0.0010060362173038239
2021-03-19,0.989,0.991,0.982,0.986,0.0,0.01504513540621867
2021-03-22,0.989,1.011,0.987,1.002,0.02535496957403642,0.0
2021-03-23,1.0,1.017,0.994,1.009,0.014970059880239424,0.00798403193612775
2021-03-24,1.004,1.038,1.002,1.014,0.02874132804757199,0.0069375619425172405
2021-03-25,1.007,1.017,1.005,1.005,0.002958579881656698,0.00887573964497053
2021-03-26,1.007,1.014,1.003,1.011,0.008955223880597135,0.001990049751243783
2021-03-29,1.01,1.02,1.006,1.008,0.00890207715133543,0.004945598417408401
2021-03-30,1.007,1.012,1.005,1.008,0.0039682539682539715,0.0029761904761905888
2021-03-31,1.005,1.006,0.992,0.992,0.0,0.015873015873015886
2021-04-01,0.994,1.001,0.99,0.999,0.009072580645161187,0.002016129032258066
2021-04-02,1.002,1.008,0.998,1.003,0.009009009009009018,0.0010010010010010019
2021-04-06,1.007,1.01,1.0,1.001,0.006979062811565422,0.0029910269192421654
2021-04-07,0.999,1.004,0.994,0.998,0.002997002997003111,0.006993006993006889
2021-04-08,0.995,1.012,0.994,1.003,0.014028056112224461,0.004008016032064131
2021-04-09,1.0,1.001,0.991,0.992,0.0,0.011964107676968995
2021-04-12,0.99,0.992,0.97,0.971,0.0,0.022177419354838728
2021-04-13,0.97,0.974,0.963,0.969,0.003089598352214215,0.008238928939237907
2021-04-14,0.969,0.983,0.969,0.98,0.014447884416924678,0.0
2021-04-15,0.978,0.978,0.968,0.972,0.0,0.012244897959183685
2021-04-16,0.973,0.982,0.97,0.978,0.010288065843621408,0.0020576131687242817
2021-04-19,0.976,1.005,0.973,1.004,0.027607361963190094,0.0051124744376278165
2021-04-20,1.001,1.009,0.993,0.994,0.0049800796812747945,0.01095617529880479
2021-04-21,0.99,0.999,0.988,0.992,0.005030181086519119,0.006036217303822943
2021-04-22,0.996,1.004,0.993,0.995,0.012096774193548397,0.0
2021-04-23,0.992,1.0,0.99,0.993,0.005025125628140708,0.005025125628140708
2021-04-26,0.994,1.004,0.975,0.977,0.01107754279959719,0.018126888217522674
2021-04-27,0.974,0.979,0.961,0.971,0.0020470829068577295,0.016376663254861836
2021-04-28,0.968,0.978,0.966,0.974,0.007209062821833168,0.0051493305870236915
2021-04-29,0.974,1.005,0.973,0.996,0.031827515400410594,0.001026694045174539
2021-04-30,0.994,0.999,0.982,0.987,0.003012048192771087,0.014056224899598405
2021-05-06,0.995,1.0,0.978,0.979,0.013171225937183395,0.009118541033434659
2021-05-07,0.977,0.979,0.962,0.963,0.0,0.017364657814096032
2021-05-10,0.962,0.963,0.948,0.956,0.0,0.015576323987538955
2021-05-11,0.95,0.976,0.948,0.968,0.02092050209205023,0.008368200836820092
2021-05-12,0.963,0.969,0.96,0.967,0.0010330578512396703,0.008264462809917363
2021-05-13,0.962,0.97,0.96,0.964,0.0031023784901758043,0.007238883143743544
2021-05-14,0.967,1.04,0.966,1.033,0.07883817427385899,0.0
2021-05-17,1.02,1.03,1.01,1.018,0.0,0.02226524685382373
2021-05-18,1.016,1.035,1.013,1.02,0.016699410609037235,0.004911591355599328
2021-05-19,1.016,1.033,1.014,1.02,0.012745098039215589,0.005882352941176476
2021-05-20,1.018,1.045,1.018,1.033,0.02450980392156854,0.001960784313725492
2021-05-21,1.033,1.034,1.012,1.013,0.0009680542110359265,0.02032913843175209
2021-05-24,1.02,1.044,1.019,1.034,0.030602171767028768,0.0
2021-05-25,1.032,1.084,1.031,1.076,0.048355899419729245,0.0029013539651838623
2021-05-26,1.085,1.098,1.075,1.076,0.02044609665427511,0.0009293680297398809
2021-05-27,1.072,1.088,1.068,1.077,0.011152416356877333,0.007434944237918221
2021-05-28,1.075,1.112,1.073,1.093,0.032497678737233186,0.0037140204271123526
2021-05-31,1.093,1.097,1.082,1.094,0.0036596523330283655,0.010064043915827905
2021-06-01,1.088,1.089,1.068,1.079,0.0,0.02376599634369289
2021-06-02,1.078,1.085,1.055,1.058,0.005560704355885084,0.022242817423540336
2021-06-03,1.058,1.076,1.056,1.057,0.017013232514177707,0.0018903591682419675
2021-06-04,1.052,1.098,1.05,1.065,0.03878902554399257,0.006622516556291292
2021-06-07,1.066,1.083,1.06,1.069,0.01690140845070424,0.004694835680751074
2021-06-08,1.068,1.088,1.066,1.075,0.017773620205799933,0.002806361085126185
2021-06-09,1.076,1.079,1.058,1.062,0.0037209302325581428,0.015813953488372005
2021-06-10,1.061,1.08,1.06,1.066,0.016949152542372895,0.0018832391713747663
2021-06-11,1.067,1.071,1.047,1.048,0.004690431519699712,0.017823639774859405
2021-06-15,1.048,1.049,1.032,1.032,0.0009541984732823377,0.015267175572519097
2021-06-16,1.03,1.038,1.019,1.025,0.005813953488372098,0.01259689922480632
2021-06-17,1.025,1.034,1.022,1.029,0.008780487804878166,0.0029268292682925775
2021-06-18,1.028,1.044,1.024,1.039,0.014577259475218781,0.00485908649173945
2021-06-21,1.04,1.049,1.034,1.037,0.009624639076034659,0.004812319538017222
2021-06-22,1.041,1.044,1.03,1.034,0.006750241080038686,0.006750241080038472
2021-06-23,1.034,1.045,1.027,1.039,0.010638297872340328,0.006769825918762202
2021-06-24,1.04,1.054,1.038,1.042,0.014436958614052094,0.0009624639076033589
2021-06-25,1.046,1.086,1.041,1.075,0.042226487523992356,0.0009596928982726602
2021-06-28,1.077,1.079,1.06,1.066,0.0037209302325581428,0.013953488372092933
2021-06-29,1.064,1.067,1.049,1.05,0.0009380863039398592,0.01594746716697948
2021-06-30,1.052,1.065,1.047,1.062,0.014285714285714192,0.002857142857142965
2021-07-01,1.077,1.082,1.03,1.032,0.018832391713747662,0.03013182674199626
2021-07-02,1.028,1.028,1.003,1.003,0.0,0.028100775193798583
2021-07-05,1.003,1.008,0.995,1.004,0.004985044865403904,0.007976071784645959
2021-07-06,1.005,1.01,0.998,1.009,0.005976095617529886,0.005976095617529886
2021-07-07,1.002,1.016,0.999,1.012,0.006937561942517461,0.009910802775024676
2021-07-08,1.018,1.024,1.009,1.011,0.011857707509881433,0.002964426877470468
2021-07-09,1.008,1.018,1.004,1.014,0.006923837784372026,0.006923837784371806
2021-07-12,1.028,1.044,1.019,1.035,0.029585798816568074,0.0
2021-07-13,1.034,1.038,1.025,1.03,0.0028985507246377913,0.00966183574879228
2021-07-14,1.03,1.032,1.018,1.02,0.0019417475728155356,0.011650485436893215
2021-07-15,1.018,1.035,1.017,1.034,0.01470588235294108,0.0029411764705883467
2021-07-16,1.039,1.048,1.031,1.035,0.01353965183752419,0.0029013539651838623
2021-07-19,1.028,1.031,1.02,1.029,0.0,0.014492753623188312
2021-07-20,1.022,1.034,1.021,1.027,0.004859086491739666,0.007774538386783292
2021-07-21,1.028,1.052,1.028,1.041,0.024342745861733336,0.0
2021-07-22,1.041,1.061,1.038,1.058,0.019212295869356407,0.0028818443804033544
2021-07-23,1.059,1.094,1.048,1.065,0.034026465028355414,0.009451795841209839
2021-07-26,1.067,1.072,1.033,1.036,0.006572769953051754,0.03004694835680754
2021-07-27,1.033,1.041,1.0,1.002,0.004826254826254723,0.03474903474903478
2021-07-28,1.001,1.009,0.99,0.993,0.006986027944111672,0.011976047904191628
2021-07-29,1.005,1.015,0.998,1.006,0.02215508559919427,0.0
2021-07-30,1.0,1.001,0.983,0.985,0.0,0.02286282306163024
2021-08-02,0.981,1.038,0.971,1.02,0.05380710659898482,0.01421319796954316
2021-08-03,1.014,1.049,1.011,1.024,0.028431372549019524,0.008823529411764822
2021-08-04,1.022,1.03,1.018,1.026,0.005859375000000005,0.005859375000000005
2021-08-05,1.021,1.03,1.006,1.008,0.0038986354775828493,0.019493177387914246
2021-08-06,1.01,1.019,1.007,1.012,0.010912698412698311,0.000992063492063603
2021-08-09,1.009,1.043,1.007,1.034,0.030632411067193593,0.004940711462450707
2021-08-10,1.031,1.05,1.024,1.049,0.01547388781431336,0.009671179883945849
2021-08-11,1.047,1.056,1.038,1.039,0.006673021925643582,0.010486177311725357
2021-08-12,1.037,1.044,1.031,1.032,0.004812319538017436,0.007699711260827726
2021-08-13,1.032,1.042,1.027,1.034,0.009689922480620164,0.004844961240310189
2021-08-16,1.037,1.058,1.036,1.043,0.023210831721470038,0.0
2021-08-17,1.039,1.075,1.033,1.036,0.030680728667305878,0.009587727708533087
2021-08-18,1.034,1.109,1.033,1.107,0.07046332046332042,0.0028957528957530053
2021-08-19,1.107,1.125,1.082,1.085,0.016260162601626032,0.022583559168924943
2021-08-20,1.08,1.098,1.068,1.086,0.011981566820276611,0.01566820276497687
2021-08-23,1.093,1.105,1.081,1.089,0.017495395948434536,0.004604051565377638
2021-08-24,1.089,1.124,1.081,1.111,0.03213957759412318,0.007346189164370989
2021-08-25,1.102,1.109,1.09,1.095,0.0,0.01890189018901882
2021-08-26,1.093,1.101,1.078,1.08,0.005479452054794526,0.015525114155251055
2021-08-27,1.079,1.094,1.073,1.077,0.012962962962962973,0.00648148148148159
2021-08-30,1.083,1.085,1.054,1.059,0.007428040854224705,0.021355617455895926
2021-08-31,1.055,1.092,1.049,1.083,0.03116147308781883,0.00944287063267234
2021-09-01,1.078,1.148,1.073,1.122,0.06001846722068324,0.009233610341643592
2021-09-02,1.12,1.146,1.116,1.14,0.02139037433155062,0.0053475935828877046
2021-09-03,1.185,1.193,1.128,1.128,0.04649122807017558,0.010526315789473694
2021-09-06,1.129,1.174,1.129,1.164,0.04078014184397167,0.0
2021-09-07,1.156,1.197,1.144,1.195,0.028350515463917647,0.017182130584192455
2021-09-08,1.189,1.223,1.184,1.189,0.023430962343096252,0.009205020920502193
2021-09-09,1.176,1.185,1.165,1.18,0.0,0.02018502943650128
2021-09-10,1.187,1.234,1.184,1.195,0.04576271186440682,0.0
2021-09-13,1.191,1.219,1.191,1.201,0.020083682008368218,0.0033472803347280363
2021-09-14,1.199,1.203,1.16,1.166,0.0016652789342214834,0.03413821815154051
2021-09-15,1.161,1.175,1.15,1.162,0.007718696397941783,0.013722126929674113
2021-09-16,1.162,1.167,1.133,1.136,0.004302925989673077,0.0249569707401032
2021-09-17,1.136,1.152,1.131,1.15,0.014084507042253535,0.004401408450704132
2021-09-22,1.132,1.149,1.131,1.14,0.0,0.016521739130434702
2021-09-23,1.148,1.167,1.141,1.155,0.023684210526315908,0.0
2021-09-24,1.154,1.163,1.138,1.14,0.0069264069264069325,0.014718614718614827
2021-09-27,1.14,1.146,1.102,1.107,0.005263157894736847,0.03333333333333317
2021-09-28,1.111,1.134,1.11,1.125,0.024390243902438945,0.0
2021-09-29,1.115,1.119,1.095,1.111,0.0,0.02666666666666669
2021-09-30,1.113,1.115,1.101,1.109,0.0036003600360036037,0.00900090009000901
2021-10-08,1.119,1.126,1.112,1.12,0.015329125338142385,0.0
2021-10-11,1.121,1.128,1.111,1.112,0.00714285714285695,0.00803571428571439
2021-10-12,1.106,1.107,1.066,1.078,0.0,0.04136690647482018
2021-10-13,1.078,1.089,1.068,1.085,0.010204081632652967,0.009276437847866427
2021-10-14,1.081,1.086,1.073,1.082,0.0009216589861752184,0.011059907834101393
2021-10-15,1.076,1.087,1.074,1.081,0.004621072088724486,0.0073937153419593405
2021-10-18,1.082,1.086,1.075,1.082,0.004625346901017683,0.005550416281221097
2021-10-19,1.081,1.097,1.079,1.09,0.01386321626617366,0.0027726432532348554
2021-10-20,1.089,1.094,1.084,1.084,0.0036697247706422046,0.005504587155963307
2021-10-21,1.085,1.099,1.078,1.087,0.013837638376383674,0.00553505535055351
2021-10-22,1.088,1.097,1.082,1.089,0.00919963201471942,0.004599816007359607
2021-10-25,1.09,1.108,1.079,1.103,0.017447199265381203,0.009182736455463737
2021-10-26,1.099,1.106,1.092,1.092,0.002719854941069913,0.00997280145058921
2021-10-27,1.086,1.089,1.062,1.064,0.0,0.027472527472527496
2021-10-28,1.059,1.068,1.052,1.056,0.0037593984962406048,0.011278195488721814
2021-10-29,1.055,1.07,1.039,1.064,0.013257575757575768,0.016098484848484966
2021-11-01,1.059,1.076,1.058,1.068,0.011278195488721814,0.005639097744360907
2021-11-02,1.066,1.071,1.038,1.046,0.0028089887640448423,0.02808988764044946
2021-11-03,1.047,1.055,1.045,1.049,0.008604206500955924,0.0009560229445507762
2021-11-04,1.055,1.062,1.048,1.05,0.012392755004766562,0.0009532888465203907
2021-11-05,1.049,1.057,1.044,1.048,0.0066666666666665665,0.0057142857142857195
2021-11-08,1.047,1.064,1.044,1.059,0.015267175572519097,0.0038167938931297743
2021-11-09,1.06,1.067,1.055,1.065,0.007554296506137873,0.0037771482530689366
2021-11-10,1.062,1.067,1.053,1.062,0.0018779342723004712,0.011267605633802828
2021-11-11,1.061,1.098,1.06,1.094,0.03389830508474579,0.0018832391713747663
2021-11-12,1.091,1.095,1.081,1.091,0.000914076782449625,0.011882998171846546
2021-11-15,1.091,1.095,1.08,1.084,0.0036663611365719555,0.010082493125572776
2021-11-16,1.082,1.086,1.066,1.069,0.0018450184501845033,0.01660516605166053
2021-11-17,1.067,1.073,1.065,1.068,0.003741814780168385,0.003741814780168385
2021-11-18,1.066,1.066,1.055,1.056,0.0,0.012172284644194871
2021-11-19,1.054,1.083,1.053,1.075,0.025568181818181733,0.0028409090909091985
2021-11-22,1.073,1.09,1.071,1.083,0.01395348837209314,0.0037209302325581428
2021-11-23,1.08,1.099,1.079,1.085,0.014773776546629746,0.0036934441366574364
2021-11-24,1.085,1.09,1.079,1.083,0.004608294930875683,0.0055299539170506964
2021-11-25,1.082,1.085,1.077,1.079,0.0018467220683287182,0.005540166204986155
2021-11-26,1.077,1.079,1.07,1.071,0.0,0.008341056533827523
2021-11-29,1.065,1.066,1.057,1.061,0.0,0.013071895424836614
2021-11-30,1.064,1.072,1.057,1.061,0.01036757775683329,0.0037700282752120675
2021-12-01,1.059,1.077,1.058,1.076,0.01508011310084827,0.0028275212064089463
2021-12-02,1.073,1.09,1.07,1.084,0.013011152416356888,0.005576208178438667
2021-12-03,1.086,1.093,1.076,1.09,0.008302583025830163,0.007380073800738013
2021-12-06,1.097,1.137,1.097,1.104,0.043119266055045805,0.0
2021-12-07,1.118,1.121,1.1,1.108,0.015398550724637593,0.0036231884057971045
2021-12-08,1.11,1.123,1.101,1.123,0.013537906137184027,0.006317689530686026
2021-12-09,1.12,1.164,1.119,1.145,0.03650934995547633,0.0035618878005342866
2021-12-10,1.133,1.138,1.126,1.129,0.0,0.016593886462882207
2021-12-13,1.148,1.167,1.131,1.134,0.03365810451727195,0.0
2021-12-14,1.128,1.14,1.126,1.128,0.005291005291005296,0.0070546737213403946
2021-12-15,1.128,1.146,1.127,1.133,0.015957446808510654,0.0008865248226949379
2021-12-16,1.137,1.144,1.131,1.144,0.00970873786407758,0.0017652250661959416
2021-12-17,1.143,1.15,1.131,1.133,0.00524475524475525,0.011363636363636277
2021-12-20,1.128,1.136,1.11,1.114,0.0026478375992938143,0.020300088261253228
2021-12-21,1.113,1.129,1.109,1.128,0.013464991023339229,0.004488330341113209
2021-12-22,1.126,1.127,1.116,1.118,0.0,0.01063829787234024
2021-12-23,1.119,1.123,1.108,1.116,0.004472271914132284,0.008944543828264765
2021-12-24,1.117,1.125,1.108,1.11,0.008064516129032164,0.007168458781362013
2021-12-27,1.11,1.117,1.106,1.112,0.0063063063063062115,0.0036036036036036067
2021-12-28,1.114,1.12,1.109,1.119,0.007194244604316552,0.002697841726618807
2021-12-29,1.119,1.12,1.106,1.107,0.0008936550491511278,0.011617515638963271
2021-12-30,1.106,1.129,1.103,1.124,0.019873532068654037,0.003613369467028007
2021-12-31,1.126,1.135,1.122,1.127,0.009786476868327312,0.0017793594306049836
2022-01-04,1.127,1.129,1.113,1.123,0.0017746228926353166,0.012422360248447216
2022-01-05,1.121,1.124,1.108,1.111,0.0008904719501336704,0.013357079252003475
2022-01-06,1.105,1.108,1.088,1.089,0.0,0.020702070207020622
2022-01-07,1.094,1.1,1.09,1.09,0.010101010101010213,0.0
2022-01-10,1.092,1.098,1.089,1.091,0.007339449541284409,0.0009174311926606531
2022-01-11,1.09,1.102,1.088,1.091,0.01008249312557298,0.002749770852428865
2022-01-12,1.094,1.097,1.086,1.095,0.0054995417048579335,0.004582951420714843
2022-01-13,1.099,1.103,1.087,1.089,0.0073059360730593674,0.0073059360730593674
2022-01-14,1.078,1.078,1.058,1.06,0.0,0.028466483011937483
2022-01-17,1.057,1.073,1.057,1.069,0.012264150943396132,0.00283018867924539
2022-01-18,1.068,1.079,1.064,1.072,0.009354536950420963,0.004677268475210377
2022-01-19,1.072,1.085,1.071,1.076,0.012126865671641698,0.0009328358208956268
2022-01-20,1.075,1.101,1.073,1.092,0.02323420074349434,0.0027881040892194365
2022-01-21,1.089,1.093,1.081,1.083,0.0009157509157508148,0.010073260073260183
2022-01-24,1.079,1.086,1.075,1.076,0.0027700831024931797,0.007386888273314873
2022-01-25,1.071,1.075,1.046,1.049,0.0,0.027881040892193332
2022-01-26,1.05,1.068,1.047,1.065,0.01811248808388954,0.0019065776930409933
2022-01-27,1.06,1.062,1.04,1.041,0.0,0.023474178403755788
2022-01-28,1.047,1.06,1.03,1.031,0.018251681075888693,0.010566762728145917
2022-02-07,1.045,1.052,1.038,1.045,0.02036857419980614,0.0
2022-02-08,1.045,1.061,1.038,1.061,0.01531100478468901,0.006698564593301336
2022-02-09,1.059,1.066,1.056,1.063,0.004712535344015189,0.00471253534401498
2022-02-10,1.062,1.065,1.056,1.064,0.001881467544684856,0.006585136406396891
2022-02-11,1.062,1.079,1.06,1.064,0.014097744360902163,0.0037593984962406048
2022-02-14,1.056,1.056,1.011,1.017,0.0,0.04981203007518811
2022-02-15,1.014,1.018,1.01,1.017,0.0009832841691249873,0.0068829891838740375
2022-02-16,1.022,1.027,1.016,1.02,0.00983284169124878,0.000983284169124769
2022-02-17,1.017,1.021,1.01,1.012,0.000980392156862637,0.00980392156862746
2022-02-18,1.007,1.016,1.005,1.014,0.0039525691699604775,0.006916996047430946
2022-02-21,1.014,1.016,1.007,1.013,0.001972386587771205,0.006903353057199327
2022-02-22,1.006,1.007,0.991,0.993,0.0,0.021717670286278294
2022-02-23,0.996,1.006,0.993,1.005,0.013091641490433042,0.0
2022-02-24,1.0,1.004,0.968,0.978,0.0,0.03681592039800988
2022-02-25,0.986,0.992,0.976,0.979,0.014314928425357885,0.0020449897750511267
2022-02-28,0.978,0.981,0.967,0.976,0.0020429009193054155,0.012257405515832494
2022-03-01,0.979,0.987,0.977,0.986,0.0112704918032787,0.0
2022-03-02,0.98,0.983,0.978,0.98,0.0,0.00811359026369169
2022-03-03,0.984,0.988,0.978,0.981,0.008163265306122457,0.002040816326530614
2022-03-04,0.976,0.976,0.964,0.969,0.0,0.01732925586136597
2022-03-07,0.963,0.964,0.941,0.943,0.0,0.028895768833849356
2022-03-08,0.942,0.95,0.923,0.924,0.007423117709437971,0.021208907741251226
2022-03-09,0.929,0.93,0.865,0.901,0.006493506493506499,0.06385281385281391
2022-03-10,0.917,0.919,0.896,0.897,0.019977802441731425,0.005549389567147619
2022-03-11,0.881,0.922,0.87,0.916,0.027870680044593112,0.03010033444816056
2022-03-14,0.9,0.919,0.898,0.902,0.0032751091703056797,0.01965065502183408
2022-03-15,0.895,0.913,0.869,0.871,0.012195121951219523,0.03658536585365857
2022-03-16,0.881,0.93,0.867,0.925,0.06773823191733645,0.0045924225028702685
2022-03-17,0.936,0.944,0.918,0.921,0.02054054054054044,0.0075675675675675735
2022-03-18,0.918,0.934,0.915,0.93,0.014115092290988068,0.0065146579804560316
2022-03-21,0.925,0.926,0.911,0.916,0.0,0.02043010752688174
2022-03-22,0.912,0.926,0.91,0.917,0.0109170305676856,0.0065502183406113594
2022-03-23,0.918,0.92,0.914,0.916,0.003271537622682664,0.003271537622682664
2022-03-24,0.911,0.914,0.904,0.906,0.0,0.013100436681222719
2022-03-25,0.906,0.915,0.896,0.897,0.009933774834437095,0.011037527593818994
2022-03-28,0.888,0.905,0.885,0.897,0.008918617614269797,0.013377926421404694
2022-03-29,0.9,0.903,0.888,0.889,0.006688963210702347,0.01003344481605352
2022-03-30,0.895,0.926,0.895,0.924,0.04161979752530937,0.0
2022-03-31,0.918,0.924,0.915,0.917,0.0,0.009740259740259749
2022-04-01,0.911,0.933,0.911,0.929,0.01744820065430754,0.006543075245365328
2022-04-06,0.923,0.932,0.922,0.929,0.003229278794402586,0.007534983853606034
2022-04-07,0.927,0.936,0.912,0.913,0.007534983853606034,0.018299246501614654
2022-04-08,0.913,0.93,0.905,0.925,0.0186199342825849,0.00876232201533407
2022-04-11,0.921,0.921,0.895,0.898,0.0,0.03243243243243246
2022-04-12,0.896,0.935,0.893,0.925,0.041202672605790684,0.005567928730512255
2022-04-13,0.918,0.932,0.914,0.918,0.0075675675675675735,0.011891891891891902
2022-04-14,0.925,0.938,0.92,0.931,0.021786492374727566,0.0
2022-04-15,0.925,0.939,0.919,0.925,0.008592910848549835,0.01288936627282493
2022-04-18,0.912,0.913,0.894,0.902,0.0,0.03351351351351354
2022-04-19,0.9,0.904,0.891,0.895,0.0022172949002217312,0.012195121951219523
2022-04-20,0.895,0.897,0.876,0.88,0.002234636871508382,0.021229050279329628
2022-04-21,0.875,0.894,0.872,0.877,0.015909090909090925,0.0090909090909091
2022-04-22,0.873,0.885,0.87,0.879,0.009122006841505138,0.007981755986316997
2022-04-25,0.861,0.881,0.849,0.853,0.0022753128555176357,0.034129692832764534
2022-04-26,0.851,0.852,0.808,0.811,0.0,0.05275498241500578
2022-04-27,0.795,0.829,0.794,0.823,0.02219482120838459,0.020961775585696688
2022-04-28,0.815,0.819,0.798,0.806,0.0,0.030376670716889324
2022-04-29,0.825,0.855,0.814,0.843,0.06079404466501232,0.0
2022-05-05,0.83,0.837,0.826,0.83,0.0,0.020166073546856483
2022-05-06,0.818,0.821,0.806,0.808,0.0,0.028915662650602303
2022-05-09,0.805,0.815,0.803,0.809,0.008663366336633532,0.006188118811881194
2022-05-10,0.802,0.827,0.8,0.821,0.022249690976514098,0.011124845488257117
2022-05-11,0.821,0.846,0.819,0.826,0.030450669914738153,0.0024360535931790524
2022-05-12,0.822,0.841,0.821,0.827,0.018159806295399532,0.006053268765133178
2022-05-13,0.831,0.838,0.826,0.833,0.013301088270858538,0.0012091898428053217
2022-05-16,0.841,0.842,0.824,0.824,0.010804321728691486,0.010804321728691486
2022-05-17,0.826,0.834,0.82,0.83,0.0121359223300971,0.00485436893203884
2022-05-18,0.833,0.839,0.828,0.832,0.010843373493975914,0.00240963855421687
2022-05-19,0.822,0.832,0.82,0.83,0.0,0.014423076923076936
2022-05-20,0.834,0.847,0.833,0.846,0.02048192771084339,0.0
2022-05-23,0.844,0.851,0.838,0.848,0.005910165484633575,0.00945626477541372
2022-05-24,0.847,0.852,0.824,0.825,0.004716981132075476,0.028301886792452855
2022-05-25,0.823,0.83,0.823,0.828,0.006060606060606067,0.0024242424242424264
2022-05-26,0.829,0.85,0.822,0.842,0.02657004830917877,0.00724637681159421
2022-05-27,0.845,0.85,0.835,0.839,0.009501187648456066,0.008313539192399057
2022-05-30,0.842,0.843,0.832,0.837,0.004767580452920147,0.008343265792610258
2022-05-31,0.836,0.848,0.833,0.847,0.013142174432497026,0.004778972520908009
2022-06-01,0.846,0.849,0.838,0.844,0.002361275088547818,0.01062573789846518
2022-06-02,0.84,0.852,0.836,0.848,0.009478672985782,0.009478672985782
2022-06-06,0.847,0.869,0.844,0.868,0.02476415094339625,0.004716981132075476
2022-06-07,0.865,0.884,0.864,0.868,0.01843317972350232,0.00460829493087558
2022-06-08,0.869,0.887,0.867,0.882,0.021889400921659006,0.001152073732718895
2022-06-09,0.886,0.906,0.879,0.883,0.02721088435374152,0.00340136054421769
2022-06-10,0.877,0.909,0.874,0.905,0.02944507361268406,0.010192525481313712
2022-06-13,0.893,0.906,0.886,0.894,0.0011049723756906087,0.020994475138121565
2022-06-14,0.883,0.945,0.874,0.942,0.05704697986577174,0.022371364653243866
2022-06-15,0.947,1.008,0.947,0.971,0.07006369426751599,0.0
2022-06-16,0.969,0.969,0.929,0.931,0.0,0.04325437693099889
2022-06-17,0.92,0.942,0.906,0.927,0.011815252416756067,0.026852846401718606
2022-06-20,0.924,0.938,0.918,0.922,0.01186623516720593,0.009708737864077678
2022-06-21,0.922,0.928,0.911,0.918,0.006507592190889377,0.01193058568329719
2022-06-22,0.92,0.927,0.903,0.904,0.00980392156862746,0.016339869281045766
2022-06-23,0.902,0.943,0.902,0.937,0.0431415929203539,0.002212389380530975
2022-06-24,0.941,0.945,0.928,0.937,0.00853788687299882,0.009605122732123807
2022-06-27,0.943,0.95,0.936,0.938,0.013874066168623158,0.0010672358591248675
2022-06-28,0.937,0.954,0.926,0.947,0.017057569296375284,0.012793176972281344
2022-06-29,0.942,0.953,0.924,0.926,0.006335797254487862,0.02428722280887002
2022-06-30,0.929,0.945,0.928,0.934,0.020518358531317393,0.0
2022-07-01,0.935,0.937,0.92,0.924,0.00321199143468951,0.01498929336188438
2022-07-04,0.923,0.928,0.911,0.926,0.0043290043290043325,0.01406926406926408
2022-07-05,0.929,0.933,0.909,0.915,0.007559395248380136,0.018358531317494615
2022-07-06,0.914,0.916,0.902,0.906,0.0010928961748633888,0.014207650273224055
2022-07-07,0.904,0.912,0.902,0.903,0.006622516556291397,0.004415011037527597
2022-07-08,0.907,0.911,0.894,0.895,0.008859357696567007,0.009966777408637882
2022-07-11,0.894,0.894,0.885,0.886,0.0,0.011173184357541908
2022-07-12,0.889,0.901,0.884,0.89,0.016930022573363446,0.002257336343115126
2022-07-13,0.889,0.895,0.884,0.888,0.005617977528089893,0.006741573033707871
2022-07-14,0.885,0.89,0.88,0.882,0.0022522522522522544,0.009009009009009018
2022-07-15,0.879,0.882,0.857,0.859,0.0,0.028344671201814085
2022-07-18,0.862,0.881,0.862,0.877,0.025611175785797462,0.0
2022-07-19,0.877,0.887,0.873,0.884,0.011402508551881425,0.004561003420752569
2022-07-20,0.887,0.889,0.881,0.883,0.005656108597285073,0.003393665158371044
2022-07-21,0.882,0.885,0.876,0.876,0.002265005662514158,0.007927519818799553
2022-07-22,0.879,0.887,0.87,0.876,0.012557077625570788,0.006849315068493156
2022-07-25,0.876,0.877,0.866,0.867,0.0011415525114155261,0.011415525114155261
2022-07-26,0.868,0.877,0.866,0.871,0.011534025374855835,0.0011534025374855836
2022-07-27,0.869,0.874,0.866,0.87,0.003444316877152701,0.005740528128587835
2022-07-28,0.875,0.886,0.873,0.877,0.018390804597701167,0.0
2022-07-29,0.878,0.883,0.867,0.869,0.006841505131128855,0.011402508551881425
2022-08-01,0.866,0.868,0.856,0.86,0.0,0.014959723820483328
2022-08-02,0.852,0.852,0.825,0.835,0.0,0.04069767441860469
2022-08-03,0.835,0.844,0.829,0.831,0.010778443113772466,0.007185628742514977
2022-08-04,0.836,0.84,0.831,0.836,0.010830324909747302,0.0
2022-08-05,0.838,0.858,0.835,0.857,0.026315789473684233,0.0011961722488038288
2022-08-08,0.853,0.86,0.851,0.858,0.003500583430571765,0.00700116686114353
2022-08-09,0.856,0.862,0.853,0.855,0.004662004662004666,0.005827505827505833
2022-08-10,0.853,0.863,0.849,0.852,0.00935672514619884,0.007017543859649129
2022-08-11,0.858,0.898,0.856,0.898,0.05399061032863855,0.0
2022-08-12,0.891,0.902,0.888,0.894,0.004454342984409804,0.01113585746102451
2022-08-15,0.889,0.898,0.886,0.888,0.004474272930648774,0.008948545861297548
2022-08-16,0.89,0.895,0.886,0.888,0.007882882882882889,0.0022522522522522544
2022-08-17,0.89,0.908,0.884,0.903,0.022522522522522542,0.004504504504504509
2022-08-18,0.9,0.904,0.895,0.897,0.001107419712070876,0.008859357696567007
2022-08-19,0.896,0.904,0.891,0.892,0.007803790412486071,0.006688963210702347
2022-08-22,0.89,0.895,0.887,0.89,0.0033632286995515723,0.005605381165919287
2022-08-23,0.889,0.905,0.884,0.893,0.016853932584269676,0.006741573033707871
2022-08-24,0.891,0.911,0.88,0.881,0.020156774916013455,0.014557670772676385
2022-08-25,0.882,0.9,0.881,0.896,0.021566401816118068,0.0
2022-08-26,0.896,0.898,0.886,0.889,0.002232142857142859,0.011160714285714295
2022-08-29,0.879,0.885,0.876,0.884,0.0,0.014623172103487077
2022-08-30,0.883,0.891,0.874,0.883,0.007918552036199102,0.011312217194570146
2022-08-31,0.88,0.899,0.879,0.887,0.018120045300113265,0.004530011325028316
2022-09-01,0.886,0.89,0.877,0.879,0.0033821871476888417,0.011273957158962806
2022-09-02,0.878,0.885,0.871,0.875,0.006825938566552907,0.009101251422070543
2022-09-05,0.874,0.882,0.871,0.881,0.008000000000000007,0.004571428571428575
2022-09-06,0.885,0.893,0.883,0.891,0.013620885357548252,0.0
2022-09-07,0.888,0.889,0.884,0.886,0.0,0.00785634118967453
2022-09-08,0.888,0.892,0.882,0.883,0.006772009029345378,0.004514672686230252
2022-09-09,0.884,0.903,0.883,0.899,0.022650056625141583,0.0
2022-09-13,0.901,0.909,0.896,0.896,0.011123470522803124,0.003337041156840937
2022-09-14,0.887,0.891,0.882,0.886,0.0,0.015625000000000014
2022-09-15,0.889,0.895,0.878,0.883,0.010158013544018067,0.009029345372460505
2022-09-16,0.88,0.881,0.83,0.834,0.0,0.060022650056625194
2022-09-19,0.83,0.832,0.82,0.823,0.0,0.016786570743405293
2022-09-20,0.826,0.83,0.821,0.823,0.008505467800729048,0.0024301336573511567
2022-09-21,0.82,0.827,0.811,0.824,0.004860267314702313,0.014580801944106804
2022-09-22,0.817,0.826,0.815,0.821,0.00242718446601942,0.01092233009708739
2022-09-23,0.82,0.828,0.815,0.821,0.008526187576126682,0.007308160779537156
2022-09-26,0.815,0.818,0.802,0.804,0.0,0.02314250913520086
2022-09-27,0.805,0.811,0.801,0.811,0.00870646766169155,0.0037313432835820925
2022-09-28,0.807,0.808,0.795,0.796,0.0,0.01972872996300865
2022-09-29,0.801,0.803,0.781,0.786,0.008793969849246238,0.018844221105527654
2022-09-30,0.785,0.792,0.781,0.783,0.007633587786259549,0.006361323155216291
2022-10-10,0.783,0.788,0.774,0.775,0.00638569604086846,0.011494252873563229
2022-10-11,0.777,0.791,0.773,0.782,0.020645161290322598,0.0025806451612903247
2022-10-12,0.782,0.8,0.778,0.799,0.02301790281329925,0.005115089514066501
2022-10-13,0.794,0.801,0.793,0.796,0.002503128911138926,0.007509386733416777
2022-10-14,0.803,0.814,0.801,0.809,0.022613065326633045,0.0
2022-10-17,0.805,0.814,0.803,0.812,0.006180469715698261,0.007416563658838078
2022-10-18,0.816,0.818,0.808,0.81,0.007389162561576224,0.004926108374384241
2022-10-19,0.809,0.812,0.8,0.802,0.002469135802469138,0.012345679012345689
2022-10-20,0.798,0.817,0.798,0.805,0.01870324189526172,0.00498753117206983
2022-10-21,0.823,0.827,0.806,0.808,0.027329192546583735,0.0
2022-10-24,0.81,0.826,0.789,0.792,0.022277227722772158,0.023514851485148536
2022-10-25,0.79,0.793,0.77,0.778,0.0012626262626262636,0.0277777777777778
2022-10-26,0.779,0.793,0.777,0.784,0.01928020565552701,0.0012853470437018007
2022-10-27,0.785,0.796,0.782,0.787,0.015306122448979605,0.0025510204081632673
2022-10-28,0.782,0.79,0.767,0.77,0.0038119440914866614,0.025412960609911075
2022-10-31,0.766,0.78,0.763,0.77,0.012987012987012998,0.0090909090909091
2022-11-01,0.772,0.794,0.771,0.793,0.031168831168831197,0.0
2022-11-02,0.789,0.801,0.788,0.795,0.01008827238335436,0.006305170239596474
2022-11-03,0.791,0.794,0.788,0.791,0.0,0.008805031446540887
2022-11-04,0.791,0.82,0.791,0.816,0.03666245259165602,0.0
2022-11-07,0.809,0.819,0.807,0.815,0.0036764705882352975,0.011029411764705756
2022-11-08,0.814,0.817,0.806,0.81,0.002453987730061352,0.011042944785275947
2022-11-09,0.81,0.814,0.806,0.807,0.004938271604938139,0.004938271604938276
2022-11-10,0.803,0.816,0.801,0.812,0.011152416356877195,0.007434944237918221
2022-11-11,0.834,0.846,0.821,0.833,0.04187192118226591,0.0
2022-11-14,0.836,0.856,0.835,0.838,0.02761104441776713,0.0
2022-11-15,0.835,0.88,0.834,0.869,0.050119331742243485,0.004773269689737475
2022-11-16,0.865,0.869,0.853,0.855,0.0,0.018411967779056404
2022-11-17,0.852,0.86,0.849,0.859,0.005847953216374275,0.007017543859649129
2022-11-18,0.858,0.86,0.846,0.848,0.0011641443538998846,0.0151338766006985
2022-11-21,0.842,0.842,0.827,0.832,0.0,0.02476415094339625
2022-11-22,0.831,0.843,0.828,0.834,0.013221153846153858,0.004807692307692312
2022-11-23,0.833,0.842,0.83,0.834,0.009592326139088739,0.004796163069544369
2022-11-24,0.842,0.845,0.83,0.831,0.013189448441247014,0.004796163069544369
2022-11-25,0.829,0.845,0.829,0.839,0.016847172081829138,0.002406738868832734
2022-11-28,0.826,0.828,0.813,0.827,0.0,0.030989272943980958
2022-11-29,0.828,0.863,0.827,0.858,0.04353083434099158,0.0
2022-11-30,0.853,0.868,0.853,0.855,0.011655011655011666,0.005827505827505833
2022-12-01,0.871,0.888,0.86,0.862,0.03859649122807021,0.0
2022-12-02,0.859,0.867,0.853,0.857,0.005800464037122975,0.010440835266821356
2022-12-05,0.867,0.887,0.865,0.885,0.03500583430571765,0.0
2022-12-06,0.879,0.895,0.879,0.881,0.011299435028248598,0.006779661016949158
2022-12-07,0.88,0.887,0.869,0.876,0.006810442678774126,0.013620885357548252
2022-12-08,0.875,0.877,0.869,0.875,0.0011415525114155261,0.007990867579908682
2022-12-09,0.875,0.884,0.867,0.879,0.010285714285714296,0.00914285714285715
2022-12-12,0.874,0.874,0.858,0.859,0.0,0.023890784982935176
2022-12-13,0.859,0.865,0.857,0.859,0.006984866123399307,0.0023282887077997693
2022-12-14,0.862,0.87,0.857,0.865,0.012805587892898731,0.0023282887077997693
2022-12-15,0.863,0.867,0.857,0.859,0.0023121387283237013,0.009248554913294805
2022-12-16,0.854,0.862,0.853,0.856,0.0034924330616996537,0.006984866123399307
2022-12-19,0.858,0.863,0.829,0.833,0.008177570093457952,0.031542056074766386
2022-12-20,0.831,0.836,0.824,0.829,0.0036014405762304956,0.010804321728691486
2022-12-21,0.83,0.834,0.824,0.828,0.006031363088057907,0.006031363088057907
2022-12-22,0.833,0.839,0.823,0.827,0.013285024154589384,0.006038647342995175
2022-12-23,0.821,0.833,0.821,0.826,0.00725513905683193,0.00725513905683193
2022-12-26,0.827,0.829,0.82,0.825,0.0036319612590799064,0.007263922518159813
2022-12-27,0.831,0.839,0.827,0.836,0.016969696969696985,0.0
2022-12-28,0.832,0.837,0.829,0.832,0.0011961722488038288,0.008373205741626802
2022-12-29,0.829,0.832,0.822,0.828,0.0,0.01201923076923078
2022-12-30,0.831,0.836,0.83,0.832,0.009661835748792279,0.0
2023-01-03,0.825,0.83,0.808,0.829,0.0,0.02884615384615374
2023-01-04,0.826,0.835,0.826,0.83,0.007237635705669488,0.003618817852834744
2023-01-05,0.835,0.85,0.835,0.846,0.024096385542168697,0.0
2023-01-06,0.844,0.855,0.843,0.846,0.010638297872340436,0.0035460992907801452
2023-01-09,0.851,0.87,0.851,0.862,0.028368794326241162,0.0
2023-01-10,0.863,0.874,0.858,0.859,0.013921113689095141,0.00464037122969838
2023-01-11,0.861,0.864,0.853,0.855,0.0058207217694994234,0.006984866123399307
2023-01-12,0.857,0.863,0.851,0.862,0.00935672514619884,0.00467836257309942
2023-01-13,0.865,0.88,0.86,0.879,0.02088167053364271,0.00232018561484919
2023-01-16,0.883,0.927,0.88,0.909,0.05460750853242326,0.0
2023-01-17,0.904,0.919,0.902,0.918,0.01100110011001101,0.0077007700770077075
2023-01-18,0.916,0.924,0.912,0.914,0.006535947712418306,0.006535947712418306
2023-01-19,0.912,0.935,0.911,0.934,0.022975929978118183,0.0032822757111597403
2023-01-20,0.936,0.937,0.92,0.929,0.00321199143468951,0.01498929336188438
2023-01-30,0.944,0.947,0.92,0.921,0.019375672766415396,0.009687836383207759
2023-01-31,0.92,0.927,0.908,0.918,0.0065146579804560316,0.014115092290988068
2023-02-01,0.917,0.94,0.914,0.939,0.023965141612200334,0.004357298474945538
2023-02-02,0.955,0.957,0.92,0.921,0.019169329073482445,0.02023429179978691
2023-02-03,0.915,0.921,0.904,0.914,0.0,0.01845819761129209
2023-02-06,0.905,0.907,0.895,0.896,0.0,0.020787746170678356
2023-02-07,0.9,0.904,0.895,0.9,0.008928571428571437,0.0011160714285714296
2023-02-08,0.901,0.902,0.89,0.891,0.002222222222222224,0.01111111111111112
2023-02-09,0.889,0.906,0.889,0.906,0.01683501683501685,0.00224466891133558
2023-02-10,0.902,0.904,0.894,0.898,0.0,0.013245033112582794
2023-02-13,0.894,0.903,0.892,0.903,0.005567928730512255,0.0066815144766147055
2023-02-14,0.906,0.907,0.895,0.9,0.004429678848283504,0.008859357696567007
2023-02-15,0.9,0.901,0.892,0.892,0.001111111111111112,0.008888888888888896
2023-02-16,0.892,0.91,0.88,0.888,0.020179372197309434,0.013452914798206289
2023-02-17,0.884,0.889,0.871,0.872,0.0011261261261261272,0.01914414414414416
2023-02-20,0.88,0.907,0.878,0.906,0.04013761467889912,0.0
2023-02-21,0.903,0.911,0.9,0.908,0.005518763796909497,0.006622516556291397
2023-02-22,0.904,0.912,0.898,0.899,0.004405286343612339,0.011013215859030846
2023-02-23,0.9,0.917,0.9,0.906,0.020022246941045624,0.0
2023-02-24,0.907,0.908,0.89,0.893,0.0022075055187637986,0.01766004415011039
2023-02-27,0.884,0.888,0.879,0.881,0.0,0.0156774916013438
2023-02-28,0.885,0.89,0.88,0.889,0.010215664018161189,0.0011350737797956878
2023-03-01,0.888,0.904,0.886,0.9,0.016872890888638935,0.003374578177727787
2023-03-02,0.899,0.902,0.896,0.899,0.002222222222222224,0.004444444444444448
2023-03-03,0.901,0.907,0.895,0.905,0.008898776418242499,0.004449388209121249
2023-03-06,0.907,0.907,0.891,0.891,0.0022099447513812174,0.015469613259668521
2023-03-07,0.89,0.899,0.873,0.876,0.00897867564534232,0.02020202020202022
2023-03-08,0.872,0.875,0.87,0.874,0.0,0.006849315068493156
2023-03-09,0.875,0.876,0.868,0.871,0.002288329519450803,0.006864988558352409
2023-03-10,0.865,0.869,0.858,0.86,0.0,0.014925373134328372
2023-03-13,0.859,0.865,0.856,0.863,0.005813953488372098,0.004651162790697679
2023-03-14,0.861,0.861,0.846,0.855,0.0,0.0196987253765933
2023-03-15,0.86,0.865,0.859,0.86,0.01169590643274855,0.0
2023-03-16,0.855,0.86,0.851,0.853,0.0,0.010465116279069778
2023-03-17,0.86,0.875,0.859,0.868,0.025791324736225113,0.0
2023-03-20,0.868,0.873,0.857,0.859,0.0057603686635944755,0.012672811059907845
2023-03-21,0.862,0.867,0.859,0.866,0.009313154831199077,0.0
2023-03-22,0.867,0.87,0.855,0.86,0.004618937644341806,0.012702078521939966
2023-03-23,0.855,0.87,0.854,0.869,0.011627906976744196,0.006976744186046518
2023-03-24,0.871,0.877,0.868,0.873,0.009205983889528202,0.0011507479861910253
2023-03-27,0.871,0.881,0.868,0.876,0.009163802978235975,0.005727376861397485
2023-03-28,0.875,0.877,0.867,0.868,0.0011415525114155261,0.010273972602739736
2023-03-29,0.87,0.871,0.859,0.865,0.0034562211981566853,0.010368663594470055
2023-03-30,0.863,0.871,0.853,0.868,0.006936416184971104,0.013872832369942209
2023-03-31,0.867,0.871,0.865,0.867,0.0034562211981566853,0.0034562211981566853
2023-04-03,0.867,0.904,0.866,0.902,0.04267589388696659,0.0011534025374855836
2023-04-04,0.903,0.911,0.901,0.906,0.009977827050997791,0.0011086474501108656
2023-04-06,0.902,0.905,0.896,0.899,0.0,0.011037527593818994
2023-04-07,0.901,0.913,0.897,0.91,0.015572858731924374,0.0022246941045606246
2023-04-10,0.92,0.922,0.9,0.901,0.013186813186813197,0.010989010989010999
2023-04-11,0.906,0.924,0.905,0.91,0.025527192008879044,0.0
2023-04-12,0.911,0.919,0.905,0.913,0.009890109890109898,0.005494505494505499
2023-04-13,0.907,0.908,0.898,0.902,0.0,0.016429353778751384
2023-04-14,0.903,0.906,0.895,0.9,0.0044345898004434624,0.00776053215077606
2023-04-17,0.902,0.928,0.901,0.926,0.031111111111111138,0.0
2023-04-18,0.924,0.934,0.918,0.923,0.008639308855291584,0.008639308855291584
2023-04-19,0.92,0.92,0.907,0.909,0.0,0.017334777898158193
2023-04-20,0.907,0.913,0.901,0.912,0.0044004400440044045,0.008800880088008809
2023-04-21,0.911,0.911,0.875,0.877,0.0,0.04057017543859653
2023-04-24,0.874,0.878,0.857,0.862,0.0011402508551881423,0.02280501710376285
2023-04-25,0.864,0.872,0.857,0.866,0.01160092807424595,0.005800464037122975
2023-04-26,0.862,0.867,0.859,0.864,0.0011547344110854514,0.00808314087759816
2023-04-27,0.862,0.873,0.859,0.871,0.010416666666666676,0.005787037037037042
2023-04-28,0.874,0.896,0.869,0.888,0.028702640642939176,0.0022962112514351343
2023-05-04,0.883,0.901,0.879,0.899,0.014639639639639653,0.010135135135135144
2023-05-05,0.9,0.931,0.899,0.912,0.035595105672969994,0.0
2023-05-08,0.913,0.942,0.904,0.932,0.03289473684210517,0.008771929824561412
2023-05-09,0.936,0.984,0.932,0.941,0.05579399141630894,0.0
2023-05-10,0.932,0.94,0.912,0.915,0.0,0.030818278427205012
2023-05-11,0.917,0.926,0.913,0.914,0.012021857923497277,0.0021857923497267777
2023-05-12,0.912,0.918,0.901,0.902,0.004376367614879653,0.014223194748358875
2023-05-15,0.902,0.918,0.883,0.915,0.01773835920177385,0.021064301552106448
2023-05-16,0.913,0.925,0.906,0.908,0.010928961748633888,0.0098360655737705
2023-05-17,0.906,0.913,0.901,0.904,0.005506607929515423,0.007709251101321593
2023-05-18,0.907,0.912,0.899,0.902,0.0088495575221239,0.005530973451327439
2023-05-19,0.9,0.901,0.887,0.889,0.0,0.016629711751662987
